請求コード,品名,ヒンメイ,単位,薬価,薬効分類,種類
610406390,ベイスン錠０．２　０．２ｍｇ,ベイスンジョウ0.2,錠,31.5,3969004F1020,α-グルコシダーゼ阻害薬
610406391,ベイスン錠０．３　０．３ｍｇ,ベイスンジョウ0.3,錠,42.7,3969004F2027,α-グルコシダーゼ阻害薬
610412056,グリベンクラミド錠１．２５ｍｇ「ＥＭＥＣ」,グリベンクラミドジョウ1.25M,錠,5.6,3961003F1052,スルホニル尿素薬
610432026,スターシス錠３０ｍｇ,スターシスジョウ30MG,錠,16.0,3969006F1020,グリニド薬
610432027,スターシス錠９０ｍｇ,スターシスジョウ90MG,錠,40.1,3969006F2026,グリニド薬
610432032,ファスティック錠３０　３０ｍｇ,ファスティックジョウ30,錠,16.2,3969006F1038,グリニド薬
610432033,ファスティック錠９０　９０ｍｇ,ファスティックジョウ90,錠,40.9,3969006F2034,グリニド薬
610432040,アクトス錠１５　１５ｍｇ,アクトスジョウ15,錠,62.8,3969007F1024,チアゾリジン薬
610432041,アクトス錠３０　３０ｍｇ,アクトスジョウ30,錠,117.0,3969007F2020,チアゾリジン薬
610443002,アマリール１ｍｇ錠,アマリール1MGジョウ,錠,15.9,3961008F1020,スルホニル尿素薬
610443003,アマリール３ｍｇ錠,アマリール3MGジョウ,錠,37.1,3961008F2027,スルホニル尿素薬
613960002,オイグルコン錠１．２５ｍｇ,オイグルコンジョウ1.25MG,錠,6.7,3961003F1028,スルホニル尿素薬
613960003,オイグルコン錠２．５ｍｇ,オイグルコンジョウ2.5MG,錠,11.6,3961003F2024,スルホニル尿素薬
613960008,クロルプロパミド錠　２５０ｍｇ,クロルプロパミドジョウ,錠,9.6,3961004F2010,スルホニル尿素薬
613960017,ジメリン錠２５０ｍｇ,ジメリンジョウ250MG,錠,18.6,3961001F1029,スルホニル尿素薬
613960026,トルブタミド,トルブタミド,ｇ,13.8,3961006X1019,スルホニル尿素薬
613960027,トルブタミド錠　２５０ｍｇ,トルブタミドジョウ,錠,8.5,3961006F1013,スルホニル尿素薬
613960028,トルブタミド錠　５００ｍｇ,トルブタミドジョウ,錠,9.6,3961006F2010,スルホニル尿素薬
613960038,パミルコン錠１．２５ｍｇ,パミルコンジョウ1.25MG,錠,5.6,3961003F1044,スルホニル尿素薬
613960039,パミルコン錠２．５ｍｇ,パミルコンジョウ2.5MG,錠,5.6,3961003F2040,スルホニル尿素薬
613960081,グルコバイ錠５０ｍｇ,グルコバイジョウ50MG,錠,18.6,3969003F1026,α-グルコシダーゼ阻害薬
613960082,グルコバイ錠１００ｍｇ,グルコバイジョウ100MG,錠,32.7,3969003F2022,α-グルコシダーゼ阻害薬
620000048,ジメリン錠５００ｍｇ,ジメリンジョウ500MG,錠,33.4,3961001F2033,スルホニル尿素薬
620001907,グルファスト錠５ｍｇ,グルファストジョウ5MG,錠,22.7,3969008F1029,グリニド薬
620001908,グルファスト錠１０ｍｇ,グルファストジョウ10MG,錠,40.1,3969008F2025,グリニド薬
620002031,グリミクロンＨＡ錠２０ｍｇ,グリミクロンHAジョウ20MG,錠,12.8,3961007F2022,スルホニル尿素薬
620002032,グリミクロン錠４０ｍｇ,グリミクロンジョウ40MG,錠,14.5,3961007F1115,スルホニル尿素薬
620002120,ベイスンＯＤ錠０．２　０．２ｍｇ,ベイスンODジョウ0.2,錠,31.5,3969004F3023,α-グルコシダーゼ阻害薬
620002121,ベイスンＯＤ錠０．３　０．３ｍｇ,ベイスンODジョウ0.3,錠,42.7,3969004F4020,α-グルコシダーゼ阻害薬
620002841,ボグリボース錠０．２「タツミ」　０．２ｍｇ,ボグリボースジョウ0.2タツミ,錠,12.3,3969004F1144,α-グルコシダーゼ阻害薬
620002843,ボグリボース錠０．２ｍｇ「トーワ」,ボグリボースジョウ0.2MGトー,錠,12.3,3969004F1152,α-グルコシダーゼ阻害薬
620002845,ボグリボース錠０．３「タツミ」　０．３ｍｇ,ボグリボースジョウ0.3タツミ,錠,17.0,3969004F2140,α-グルコシダーゼ阻害薬
620002847,ボグリボース錠０．３ｍｇ「トーワ」,ボグリボースジョウ0.3MGトー,錠,17.0,3969004F2159,α-グルコシダーゼ阻害薬
620003127,セイブル錠２５ｍｇ,セイブルジョウ25MG,錠,21.9,3969009F1023,α-グルコシダーゼ阻害薬
620003128,セイブル錠５０ｍｇ,セイブルジョウ50MG,錠,37.7,3969009F2020,α-グルコシダーゼ阻害薬
620003129,セイブル錠７５ｍｇ,セイブルジョウ75MG,錠,52.9,3969009F3026,α-グルコシダーゼ阻害薬
620003159,ダオニール錠１．２５ｍｇ,ダオニールジョウ1.25MG,錠,6.7,3961003F1087,スルホニル尿素薬
620003160,ダオニール錠２．５ｍｇ,ダオニールジョウ2.5MG,錠,11.6,3961003F2156,スルホニル尿素薬
620003947,グリクラジド錠２０ｍｇ「ＮＰ」,グリクラジドジョウ20MGNP,錠,5.6,3961007F2049,スルホニル尿素薬
620003948,グリクラジド錠４０ｍｇ「ＮＰ」,グリクラジドジョウ40MGNP,錠,5.8,3961007F1166,スルホニル尿素薬
620004045,ベグリラート錠０．２ｍｇ,ベグリラートジョウ0.2MG,錠,12.3,3969004F1179,α-グルコシダーゼ阻害薬
620004046,ベグリラート錠０．３ｍｇ,ベグリラートジョウ0.3MG,錠,17.0,3969004F2175,α-グルコシダーゼ阻害薬
620004069,ボグリボースＯＤフィルム０．２「ＱＱ」　０．２ｍｇ,ボグリボースODフィルム0.2QQ,錠,16.6,3969004F3031,α-グルコシダーゼ阻害薬
620004070,ボグリボースＯＤフィルム０．３「ＱＱ」　０．３ｍｇ,ボグリボースODフィルム0.3QQ,錠,23.4,3969004F4038,α-グルコシダーゼ阻害薬
620004071,ボグリボース錠０．２「ＯＭＥ」　０．２ｍｇ,ボグリボースジョウ0.2OME,錠,12.3,3969004F1195,α-グルコシダーゼ阻害薬
620004072,ボグリボース錠０．２ｍｇ「ＮＰ」,ボグリボースジョウ0.2MGNP,錠,12.3,3969004F1187,α-グルコシダーゼ阻害薬
620004073,ボグリボース錠０．３「ＯＭＥ」　０．３ｍｇ,ボグリボースジョウ0.3OME,錠,17.0,3969004F2191,α-グルコシダーゼ阻害薬
620004074,ボグリボース錠０．３ｍｇ「ＮＰ」,ボグリボースジョウ0.3MGNP,錠,17.0,3969004F2183,α-グルコシダーゼ阻害薬
620004480,グリコラン錠２５０ｍｇ,グリコランジョウ250MG,錠,9.6,3962002F1071,ビグアイド薬
620004502,ジベトス錠５０ｍｇ,ジベトスジョウ50MG,錠,9.6,3962001F1093,ビグアイド薬
620005557,ボグリボースＯＤ錠０．２ｍｇ「ＭＥＤ」,ボグリボースODジョウ0.2MG,錠,16.6,3969004F3040,α-グルコシダーゼ阻害薬
620005558,ボグリボースＯＤ錠０．２ｍｇ「ケミファ」,ボグリボースODジョウ0.2MG,錠,12.3,3969004F3058,α-グルコシダーゼ阻害薬
620005559,ボグリボースＯＤ錠０．２ｍｇ「サワイ」,ボグリボースODジョウ0.2MG,錠,12.3,3969004F3066,α-グルコシダーゼ阻害薬
620005560,ボグリボースＯＤ錠０．２ｍｇ「タイヨー」,ボグリボースODジョウ0.2MG,錠,12.3,3969004F3074,α-グルコシダーゼ阻害薬
620005561,ボグリボースＯＤ錠０．２ｍｇ「トーワ」,ボグリボースODジョウ0.2MG,錠,12.3,3969004F3082,α-グルコシダーゼ阻害薬
620005562,ボグリボースＯＤ錠０．３ｍｇ「ＭＥＤ」,ボグリボースODジョウ0.3MG,錠,23.4,3969004F4046,α-グルコシダーゼ阻害薬
620005563,ボグリボースＯＤ錠０．３ｍｇ「ケミファ」,ボグリボースODジョウ0.3MG,錠,17.0,3969004F4054,α-グルコシダーゼ阻害薬
620005564,ボグリボースＯＤ錠０．３ｍｇ「サワイ」,ボグリボースODジョウ0.3MG,錠,17.0,3969004F4062,α-グルコシダーゼ阻害薬
620005565,ボグリボースＯＤ錠０．３ｍｇ「タイヨー」,ボグリボースODジョウ0.3MG,錠,17.0,3969004F4070,α-グルコシダーゼ阻害薬
620005566,ボグリボースＯＤ錠０．３ｍｇ「トーワ」,ボグリボースODジョウ0.3MG,錠,17.0,3969004F4089,α-グルコシダーゼ阻害薬
620005570,メトホルミン塩酸塩錠２５０ｍｇ「トーワ」,メトホルミンエンサンエンジョウ250M,錠,9.6,3962002F1080,ビグアイド薬
620005979,ジベトンＳ腸溶錠５０ｍｇ,ジベトンSチョウヨウジョウ50MG,錠,9.6,3962001F1107,ビグアイド薬
620006030,デアメリンＳ錠２５０ｍｇ,デアメリンSジョウ250MG,錠,26.9,3961002F1031,スルホニル尿素薬
620006890,グリベンクラミド錠２．５ｍｇ「トーワ」,グリベンクラミドジョウ2.5MG,錠,5.6,3961003F2172,スルホニル尿素薬
620008071,ボグリボースＯＤ錠０．２ｍｇ「ＭＥＥＫ」,ボグリボースODジョウ0.2MG,錠,12.3,3969004F3090,α-グルコシダーゼ阻害薬
620008072,ボグリボースＯＤ錠０．２ｍｇ「タカタ」,ボグリボースODジョウ0.2MG,錠,12.3,3969004F3104,α-グルコシダーゼ阻害薬
620008073,ボグリボースＯＤ錠０．２ｍｇ「日医工」,ボグリボースODジョウ0.2MG,錠,12.3,3969004F3112,α-グルコシダーゼ阻害薬
620008074,ボグリボースＯＤ錠０．３ｍｇ「ＭＥＥＫ」,ボグリボースODジョウ0.3MG,錠,17.0,3969004F4097,α-グルコシダーゼ阻害薬
620008075,ボグリボースＯＤ錠０．３ｍｇ「タカタ」,ボグリボースODジョウ0.3MG,錠,17.0,3969004F4100,α-グルコシダーゼ阻害薬
620008076,ボグリボースＯＤ錠０．３ｍｇ「日医工」,ボグリボースODジョウ0.3MG,錠,17.0,3969004F4119,α-グルコシダーゼ阻害薬
620008726,ボグリボース錠０．２ｍｇ「ＭＥＥＫ」,ボグリボースジョウ0.2MGME,錠,12.3,3969004F1225,α-グルコシダーゼ阻害薬
620008727,ボグリボース錠０．２ｍｇ「ＭＥＤ」,ボグリボースジョウ0.2MGME,錠,16.6,3969004F1217,α-グルコシダーゼ阻害薬
620008728,ボグリボース錠０．３ｍｇ「ＭＥＥＫ」,ボグリボースジョウ0.3MGME,錠,17.0,3969004F2221,α-グルコシダーゼ阻害薬
620008729,ボグリボース錠０．３ｍｇ「ＭＥＤ」,ボグリボースジョウ0.3MGME,錠,23.4,3969004F2213,α-グルコシダーゼ阻害薬
620009209,アベマイド錠２５０ｍｇ,アベマイドジョウ250MG,錠,9.6,3961004F2010,スルホニル尿素薬
620009288,アカルボース錠５０ｍｇ「ＮＳ」,アカルボースジョウ50MGNS,錠,10.8,3969003F1069,α-グルコシダーゼ阻害薬
620009289,アカルボース錠５０ｍｇ「ＪＧ」,アカルボースジョウ50MGJG,錠,10.8,3969003F1050,α-グルコシダーゼ阻害薬
620009290,アカルボース錠５０ｍｇ「日医工」,アカルボースジョウ50MGニチイコウ,錠,10.8,3969003F1085,α-グルコシダーゼ阻害薬
620009291,アカルボース錠５０ｍｇ「ＢＭＤ」,アカルボースジョウ50MGBMD,錠,10.8,3969003F1042,α-グルコシダーゼ阻害薬
620009292,アカルボース錠５０ｍｇ「ＹＤ」,アカルボースジョウ50MGYD,錠,10.8,3969003F1077,α-グルコシダーゼ阻害薬
620009293,アカルボース錠１００ｍｇ「ＮＳ」,アカルボースジョウ100MGNS,錠,19.2,3969003F2065,α-グルコシダーゼ阻害薬
620009294,アカルボース錠１００ｍｇ「ＪＧ」,アカルボースジョウ100MGJG,錠,19.2,3969003F2057,α-グルコシダーゼ阻害薬
620009295,アカルボース錠１００ｍｇ「日医工」,アカルボースジョウ100MGニチイコ,錠,19.2,3969003F2081,α-グルコシダーゼ阻害薬
620009296,アカルボース錠１００ｍｇ「ＢＭＤ」,アカルボースジョウ100MGBMD,錠,19.2,3969003F2049,α-グルコシダーゼ阻害薬
620009297,アカルボース錠１００ｍｇ「ＹＤ」,アカルボースジョウ100MGYD,錠,19.2,3969003F2073,α-グルコシダーゼ阻害薬
620871407,グリベンクラミド錠１．２５ｍｇ「武田テバ」,グリベンクラミドジョウ1.25M,錠,5.6,3961003F1192,スルホニル尿素薬
620871601,グリベンクラミド錠１．２５ｍｇ「三和」,グリベンクラミドジョウ1.25M,錠,5.6,3961003F1184,スルホニル尿素薬
620871907,グリベンクラミド錠２．５ｍｇ「武田テバ」,グリベンクラミドジョウ2.5MG,錠,5.6,3961003F2253,スルホニル尿素薬
620872002,グリベンクラミド錠２．５ｍｇ「サワイ」,グリベンクラミドジョウ2.5MG,錠,5.6,3961003F2229,スルホニル尿素薬
620872003,グリベンクラミド錠２．５ｍｇ「三和」,グリベンクラミドジョウ2.5MG,錠,5.6,3961003F2245,スルホニル尿素薬
620872004,グリベンクラミド錠２．５ｍｇ「タイヨー」,グリベンクラミドジョウ2.5MG,錠,5.6,3961003F2202,スルホニル尿素薬
620872009,グリベンクラミド錠２．５ｍｇ「日医工」,グリベンクラミドジョウ2.5MG,錠,5.6,3961003F2210,スルホニル尿素薬
620872016,グリベンクラミド錠２．５ｍｇ「ＪＧ」,グリベンクラミドジョウ2.5MG,錠,5.6,3961003F2237,スルホニル尿素薬
620873202,グリクラジド錠４０ｍｇ「ＫＮ」,グリクラジドジョウ40MGKN,錠,5.8,3961007F1220,スルホニル尿素薬
620873301,グリクラジド錠４０ｍｇ「サワイ」,グリクラジドジョウ40MGサワイ,錠,5.8,3961007F1204,スルホニル尿素薬
620873402,グリクラジド錠４０ｍｇ「トーワ」,グリクラジドジョウ40MGトーワ,錠,5.8,3961007F1212,スルホニル尿素薬
620873702,グリクラジド錠４０ｍｇ「日新」,グリクラジドジョウ40MGニッシ,錠,5.8,3961007F1239,スルホニル尿素薬
621665301,ボグリボース錠０．２ｍｇ「タイヨー」,ボグリボースジョウ0.2MGタイ,錠,12.3,3969004F1233,α-グルコシダーゼ阻害薬
621665401,ボグリボース錠０．３ｍｇ「タイヨー」,ボグリボースジョウ0.3MGタイ,錠,17.0,3969004F2230,α-グルコシダーゼ阻害薬
621673501,ボグリボース錠０．２ｍｇ「日医工」,ボグリボースジョウ0.2MGニチ,錠,12.3,3969004F1250,α-グルコシダーゼ阻害薬
621673601,ボグリボース錠０．３ｍｇ「日医工」,ボグリボースジョウ0.3MGニチ,錠,17.0,3969004F2256,α-グルコシダーゼ阻害薬
621676001,メトホルミン塩酸塩錠２５０ｍｇ「ＳＮ」,メトホルミンエンサンエンジョウ250M,錠,9.6,3962002F1110,ビグアイド薬
621683401,ボグリボース錠０．２ｍｇ「タカタ」,ボグリボースジョウ0.2MGタカ,錠,12.3,3969004F1241,α-グルコシダーゼ阻害薬
621683501,ボグリボース錠０．３ｍｇ「タカタ」,ボグリボースジョウ0.3MGタカ,錠,17.0,3969004F2248,α-グルコシダーゼ阻害薬
621689001,ボグリボース錠０．２ｍｇ「ＹＤ」,ボグリボースジョウ0.2MGYD,錠,12.3,3969004F1292,α-グルコシダーゼ阻害薬
621689101,ボグリボース錠０．３ｍｇ「ＹＤ」,ボグリボースジョウ0.3MGYD,錠,17.0,3969004F2299,α-グルコシダーゼ阻害薬
621689303,ボグリボース錠０．２ｍｇ「ＮＳ」,ボグリボースジョウ0.2MGNS,錠,12.3,3969004F1284,α-グルコシダーゼ阻害薬
621689403,ボグリボース錠０．３ｍｇ「ＮＳ」,ボグリボースジョウ0.3MGNS,錠,17.0,3969004F2280,α-グルコシダーゼ阻害薬
621690203,ボグリボース錠０．２ｍｇ「ＪＧ」,ボグリボースジョウ0.2MGJG,錠,12.3,3969004F1322,α-グルコシダーゼ阻害薬
621690303,ボグリボース錠０．３ｍｇ「ＪＧ」,ボグリボースジョウ0.3MGJG,錠,17.0,3969004F2329,α-グルコシダーゼ阻害薬
621690402,ボグリボース錠０．２ｍｇ「杏林」,ボグリボースジョウ0.2MGキョ,錠,12.3,3969004F1306,α-グルコシダーゼ阻害薬
621690502,ボグリボース錠０．３ｍｇ「杏林」,ボグリボースジョウ0.3MGキョ,錠,17.0,3969004F2302,α-グルコシダーゼ阻害薬
621690901,ボグリボース錠０．２ｍｇ「ケミファ」,ボグリボースジョウ0.2MGケミ,錠,16.6,3969004F1314,α-グルコシダーゼ阻害薬
621691001,ボグリボース錠０．３ｍｇ「ケミファ」,ボグリボースジョウ0.3MGケミ,錠,23.4,3969004F2310,α-グルコシダーゼ阻害薬
621691201,ボグリボース錠０．２ｍｇ「サワイ」,ボグリボースジョウ0.2MGサワ,錠,12.3,3969004F1268,α-グルコシダーゼ阻害薬
621691601,ボグリボース錠０．３ｍｇ「サワイ」,ボグリボースジョウ0.3MGサワ,錠,17.0,3969004F2264,α-グルコシダーゼ阻害薬
621784902,アカルボース錠５０ｍｇ「テバ」,アカルボースジョウ50MGテバ,錠,10.8,3969003F1131,α-グルコシダーゼ阻害薬
621785002,アカルボース錠１００ｍｇ「テバ」,アカルボースジョウ100MGテバ,錠,19.2,3969003F2138,α-グルコシダーゼ阻害薬
621896402,アカルボースＯＤ錠５０ｍｇ「テバ」,アカルボースODジョウ50MGテバ,錠,10.8,3969003F3061,α-グルコシダーゼ阻害薬
621896502,アカルボースＯＤ錠１００ｍｇ「テバ」,アカルボースODジョウ100MGテハ,錠,19.2,3969003F4068,α-グルコシダーゼ阻害薬
621937101,グルコバイＯＤ錠５０ｍｇ,グルコバイODジョウ50MG,錠,18.6,3969003F3037,α-グルコシダーゼ阻害薬
621937201,グルコバイＯＤ錠１００ｍｇ,グルコバイODジョウ100MG,錠,32.7,3969003F4033,α-グルコシダーゼ阻害薬
621942102,アカルボース錠５０ｍｇ「ファイザー」,アカルボースジョウ50MGファイザ,錠,10.8,3969003F1115,α-グルコシダーゼ阻害薬
621942202,アカルボース錠１００ｍｇ「ファイザー」,アカルボースジョウ100MGファイサ,錠,19.2,3969003F2111,α-グルコシダーゼ阻害薬
621943301,ボグリボースＯＤ錠０．２ｍｇ「マイラン」,ボグリボースODジョウ0.2MG,錠,12.3,3969004F3139,α-グルコシダーゼ阻害薬
621943401,ボグリボースＯＤ錠０．３ｍｇ「マイラン」,ボグリボースODジョウ0.3MG,錠,17.0,3969004F4135,α-グルコシダーゼ阻害薬
621950901,ジャヌビア錠２５ｍｇ,ジャヌビアジョウ25MG,錠,69.9,3969010F1034,DPP4阻害薬
621951001,ジャヌビア錠５０ｍｇ,ジャヌビアジョウ50MG,錠,129.5,3969010F2030,DPP4阻害薬
621951101,ジャヌビア錠１００ｍｇ,ジャヌビアジョウ100MG,錠,193.5,3969010F3037,DPP4阻害薬
621953301,ベグリラートＯＤ錠０．２ｍｇ,ベグリラートODジョウ0.2MG,錠,12.3,3969004F3120,α-グルコシダーゼ阻害薬
621953401,ベグリラートＯＤ錠０．３ｍｇ,ベグリラートODジョウ0.3MG,錠,17.0,3969004F4127,α-グルコシダーゼ阻害薬
621958701,アカルボース錠５０ｍｇ「サワイ」,アカルボースジョウ50MGサワイ,錠,10.8,3969003F1093,α-グルコシダーゼ阻害薬
621958801,アカルボース錠１００ｍｇ「サワイ」,アカルボースジョウ100MGサワイ,錠,19.2,3969003F2090,α-グルコシダーゼ阻害薬
621970601,グラクティブ錠２５ｍｇ,グラクティブジョウ25MG,錠,71.2,3969010F1026,DPP4阻害薬
621970701,グラクティブ錠５０ｍｇ,グラクティブジョウ50MG,錠,132.4,3969010F2022,DPP4阻害薬
621970801,グラクティブ錠１００ｍｇ,グラクティブジョウ100MG,錠,197.0,3969010F3029,DPP4阻害薬
621974701,メトグルコ錠２５０ｍｇ,メトグルコジョウ250MG,錠,9.9,3962002F2027,ビグアイド薬
621980701,エクア錠５０ｍｇ,エクアジョウ50MG,錠,75.3,3969011F1020,DPP4阻害薬
621982701,アマリール０．５ｍｇ錠,アマリール0.5MGジョウ,錠,9.9,3961008F3023,スルホニル尿素薬
621986001,ネシーナ錠６．２５ｍｇ,ネシーナジョウ6.25MG,錠,48.6,3969012F1025,DPP4阻害薬
621986101,ネシーナ錠１２．５ｍｇ,ネシーナジョウ12.5MG,錠,89.8,3969012F2021,DPP4阻害薬
621986201,ネシーナ錠２５ｍｇ,ネシーナジョウ25MG,錠,167.3,3969012F3028,DPP4阻害薬
621986301,メタクト配合錠ＬＤ,メタクトハイゴウジョウLD,錠,62.8,3969100F1020,配合薬
621986401,メタクト配合錠ＨＤ,メタクトハイゴウジョウHD,錠,117.0,3969100F2027,配合薬
621990901,アクトスＯＤ錠１５　１５ｍｇ,アクトスODジョウ15,錠,62.8,3969007F3027,チアゾリジン薬
621991001,アクトスＯＤ錠３０　３０ｍｇ,アクトスODジョウ30,錠,117.0,3969007F4023,チアゾリジン薬
621997001,グリメピリド錠１ｍｇ「ＢＭＤ」,グリメピリドジョウ1MGBMD,錠,9.9,3961008F1055,スルホニル尿素薬
621997101,グリメピリド錠３ｍｇ「ＢＭＤ」,グリメピリドジョウ3MGBMD,錠,15.2,3961008F2051,スルホニル尿素薬
621998701,グリメピリド錠１ｍｇ「ＥＭＥＣ」,グリメピリドジョウ1MGEMEC,錠,9.9,3961008F1063,スルホニル尿素薬
621998801,グリメピリド錠３ｍｇ「ＥＭＥＣ」,グリメピリドジョウ3MGEMEC,錠,15.2,3961008F2060,スルホニル尿素薬
621998901,グリメピリドＯＤ錠１ｍｇ「ＥＭＥＣ」,グリメピリドODジョウ1MGEM,錠,9.9,3961008F4038,スルホニル尿素薬
621999001,グリメピリドＯＤ錠３ｍｇ「ＥＭＥＣ」,グリメピリドODジョウ3MGEM,錠,15.2,3961008F5034,スルホニル尿素薬
621999301,グリメピリド錠１ｍｇ「オーハラ」,グリメピリドジョウ1MGオーハラ,錠,9.9,3961008F1160,スルホニル尿素薬
621999401,グリメピリド錠３ｍｇ「オーハラ」,グリメピリドジョウ3MGオーハラ,錠,19.1,3961008F2167,スルホニル尿素薬
621999701,グリメピリド錠１ｍｇ「ＹＤ」,グリメピリドジョウ1MGYD,錠,9.9,3961008F1128,スルホニル尿素薬
621999801,グリメピリド錠３ｍｇ「ＹＤ」,グリメピリドジョウ3MGYD,錠,19.1,3961008F2124,スルホニル尿素薬
622000601,グリメピリド錠１ｍｇ「アメル」,グリメピリドジョウ1MGアメル,錠,9.9,3961008F1144,スルホニル尿素薬
622000701,グリメピリド錠３ｍｇ「アメル」,グリメピリドジョウ3MGアメル,錠,15.2,3961008F2140,スルホニル尿素薬
622001701,グリメピリド錠１ｍｇ「ＴＣＫ」,グリメピリドジョウ1MGTCK,錠,9.9,3961008F1110,スルホニル尿素薬
622001801,グリメピリド錠３ｍｇ「ＴＣＫ」,グリメピリドジョウ3MGTCK,錠,15.2,3961008F2116,スルホニル尿素薬
622004702,グリメピリド錠１ｍｇ「Ｍｅ」,グリメピリドジョウ1MGME,錠,9.9,3961008F1357,スルホニル尿素薬
622004802,グリメピリド錠３ｍｇ「Ｍｅ」,グリメピリドジョウ3MGME,錠,19.1,3961008F2353,スルホニル尿素薬
622005501,グリメピリド錠１ｍｇ「日新」,グリメピリドジョウ1MGニッシン,錠,9.9,3961008F1276,スルホニル尿素薬
622005601,グリメピリド錠３ｍｇ「日新」,グリメピリドジョウ3MGニッシン,錠,15.2,3961008F2272,スルホニル尿素薬
622005802,グリクラジド錠２０ｍｇ「日新」,グリクラジドジョウ20MGニッシ,錠,5.6,3961007F2120,スルホニル尿素薬
622008502,アカルボースＯＤ錠５０ｍｇ「ファイザー」,アカルボースODジョウ50MGファイ,錠,10.8,3969003F3053,α-グルコシダーゼ阻害薬
622008602,アカルボースＯＤ錠１００ｍｇ「ファイザー」,アカルボースODジョウ100MGファ,錠,19.2,3969003F4050,α-グルコシダーゼ阻害薬
622009802,グリベンクラミド錠１．２５ｍｇ「サワイ」,グリベンクラミドジョウ1.25M,錠,5.6,3961003F1168,スルホニル尿素薬
622009901,グリメピリド錠１ｍｇ「サワイ」,グリメピリドジョウ1MGサワイ,錠,9.9,3961008F1217,スルホニル尿素薬
622010001,グリメピリド錠３ｍｇ「サワイ」,グリメピリドジョウ3MGサワイ,錠,15.2,3961008F2213,スルホニル尿素薬
622011401,グリメピリド錠１ｍｇ「ＫＮ」,グリメピリドジョウ1MGKN,錠,9.9,3961008F1080,スルホニル尿素薬
622011501,グリメピリド錠３ｍｇ「ＫＮ」,グリメピリドジョウ3MGKN,錠,15.2,3961008F2086,スルホニル尿素薬
622011601,グリメピリドＯＤ錠１ｍｇ「ＫＮ」,グリメピリドODジョウ1MGKN,錠,9.9,3961008F4046,スルホニル尿素薬
622011701,グリメピリドＯＤ錠３ｍｇ「ＫＮ」,グリメピリドODジョウ3MGKN,錠,15.2,3961008F5042,スルホニル尿素薬
622013401,グリベンクラミド錠１．２５ｍｇ「トーワ」,グリベンクラミドジョウ1.25M,錠,5.6,3961003F1117,スルホニル尿素薬
622013501,グリメピリド錠１ｍｇ「トーワ」,グリメピリドジョウ1MGトーワ,錠,9.9,3961008F1250,スルホニル尿素薬
622013601,グリメピリド錠３ｍｇ「トーワ」,グリメピリドジョウ3MGトーワ,錠,15.2,3961008F2256,スルホニル尿素薬
622016001,グリメピリド錠１ｍｇ「科研」,グリメピリドジョウ1MGカケン,錠,9.9,3961008F1179,スルホニル尿素薬
622016101,グリメピリド錠３ｍｇ「科研」,グリメピリドジョウ3MGカケン,錠,19.1,3961008F2175,スルホニル尿素薬
622017301,グリメピリド錠０．５ｍｇ「三和」,グリメピリドジョウ0.5MGサン,錠,9.6,3961008F3040,スルホニル尿素薬
622017401,グリメピリド錠１ｍｇ「三和」,グリメピリドジョウ1MGサンワ,錠,9.9,3961008F1225,スルホニル尿素薬
622017501,グリメピリド錠３ｍｇ「三和」,グリメピリドジョウ3MGサンワ,錠,15.2,3961008F2221,スルホニル尿素薬
622017901,グリメピリド錠１ｍｇ「タナベ」,グリメピリドジョウ1MGタナベ,錠,9.9,3961008F1241,スルホニル尿素薬
622018001,グリメピリド錠３ｍｇ「タナベ」,グリメピリドジョウ3MGタナベ,錠,15.2,3961008F2248,スルホニル尿素薬
622018802,グリベンクラミド錠１．２５ｍｇ「ＪＧ」,グリベンクラミドジョウ1.25M,錠,5.6,3961003F1176,スルホニル尿素薬
622020903,グリメピリド錠１ｍｇ「ＴＹＫ」,グリメピリドジョウ1MGTYK,錠,9.9,3961008F1349,スルホニル尿素薬
622021003,グリメピリド錠３ｍｇ「ＴＹＫ」,グリメピリドジョウ3MGTYK,錠,15.2,3961008F2345,スルホニル尿素薬
622021801,グリメピリド錠１ｍｇ「ＡＦＰ」,グリメピリドジョウ1MGAFP,錠,9.9,3961008F1047,スルホニル尿素薬
622021901,グリメピリド錠３ｍｇ「ＡＦＰ」,グリメピリドジョウ3MGAFP,錠,15.2,3961008F2043,スルホニル尿素薬
622022001,グリメピリドＯＤ錠１ｍｇ「ＡＦＰ」,グリメピリドODジョウ1MGAF,錠,9.9,3961008F4020,スルホニル尿素薬
622022101,グリメピリドＯＤ錠３ｍｇ「ＡＦＰ」,グリメピリドODジョウ3MGAF,錠,15.2,3961008F5026,スルホニル尿素薬
622023501,グリメピリド錠１ｍｇ「ＪＧ」,グリメピリドジョウ1MGJG,錠,9.9,3961008F1071,スルホニル尿素薬
622023601,グリメピリド錠３ｍｇ「ＪＧ」,グリメピリドジョウ3MGJG,錠,15.2,3961008F2078,スルホニル尿素薬
622025201,グリメピリド錠１ｍｇ「ケミファ」,グリメピリドジョウ1MGケミファ,錠,9.9,3961008F1195,スルホニル尿素薬
622025301,グリメピリド錠３ｍｇ「ケミファ」,グリメピリドジョウ3MGケミファ,錠,19.1,3961008F2191,スルホニル尿素薬
622025801,グリメピリド錠１ｍｇ「ＡＡ」,グリメピリドジョウ1MGAA,錠,9.9,3961008F1039,スルホニル尿素薬
622025901,グリメピリド錠３ｍｇ「ＡＡ」,グリメピリドジョウ3MGAA,錠,19.1,3961008F2035,スルホニル尿素薬
622026501,グリメピリド錠１ｍｇ「ＺＥ」,グリメピリドジョウ1MGZE,錠,9.9,3961008F1136,スルホニル尿素薬
622026601,グリメピリド錠３ｍｇ「ＺＥ」,グリメピリドジョウ3MGZE,錠,15.2,3961008F2132,スルホニル尿素薬
622029901,グリメピリド錠１ｍｇ「イセイ」,グリメピリドジョウ1MGイセイ,錠,9.9,3961008F1152,スルホニル尿素薬
622030001,グリメピリド錠３ｍｇ「イセイ」,グリメピリドジョウ3MGイセイ,錠,15.2,3961008F2159,スルホニル尿素薬
622031401,グリメピリド錠１ｍｇ「杏林」,グリメピリドジョウ1MGキョウリ,錠,9.9,3961008F1187,スルホニル尿素薬
622031501,グリメピリド錠３ｍｇ「杏林」,グリメピリドジョウ3MGキョウリ,錠,15.2,3961008F2183,スルホニル尿素薬
622033001,グリメピリド錠０．５ｍｇ「ＮＰ」,グリメピリドジョウ0.5MGNP,錠,9.6,3961008F3031,スルホニル尿素薬
622033101,グリメピリド錠１ｍｇ「ＮＰ」,グリメピリドジョウ1MGNP,錠,9.9,3961008F1101,スルホニル尿素薬
622033201,グリメピリド錠３ｍｇ「ＮＰ」,グリメピリドジョウ3MGNP,錠,15.2,3961008F2108,スルホニル尿素薬
622033701,グリメピリド錠１ｍｇ「モチダ」,グリメピリドジョウ1MGモチダ,錠,9.9,3961008F1292,スルホニル尿素薬
622033801,グリメピリド錠３ｍｇ「モチダ」,グリメピリドジョウ3MGモチダ,錠,19.1,3961008F2299,スルホニル尿素薬
622035701,グリメピリド錠１ｍｇ「日医工」,グリメピリドジョウ1MGニチイコ,錠,9.9,3961008F1268,スルホニル尿素薬
622035801,グリメピリド錠３ｍｇ「日医工」,グリメピリドジョウ3MGニチイコ,錠,15.2,3961008F2264,スルホニル尿素薬
622036002,グリベンクラミド錠１．２５ｍｇ「日医工」,グリベンクラミドジョウ1.25M,錠,5.6,3961003F1150,スルホニル尿素薬
622037901,グリメピリドＯＤ錠１ｍｇ「ケミファ」,グリメピリドODジョウ1MGケミ,錠,9.9,3961008F4054,スルホニル尿素薬
622038001,グリメピリドＯＤ錠３ｍｇ「ケミファ」,グリメピリドODジョウ3MGケミ,錠,19.1,3961008F5050,スルホニル尿素薬
622040901,シュアポスト錠０．２５ｍｇ,シュアポストジョウ0.25MG,錠,33.4,3969013F1020,グリニド薬
622041001,シュアポスト錠０．５ｍｇ,シュアポストジョウ0.5MG,錠,59.5,3969013F2026,グリニド薬
622041202,ピオグリタゾン錠１５ｍｇ「ＭＥＥＫ」,ピオグリタゾンジョウ15MGME,錠,24.0,3969007F1059,チアゾリジン薬
622041302,ピオグリタゾン錠３０ｍｇ「ＭＥＥＫ」,ピオグリタゾンジョウ30MGME,錠,47.1,3969007F2055,チアゾリジン薬
622041402,ピオグリタゾンＯＤ錠１５ｍｇ「ＭＥＥＫ」,ピオグリタゾンODジョウ15MG,錠,24.0,3969007F3051,チアゾリジン薬
622041502,ピオグリタゾンＯＤ錠３０ｍｇ「ＭＥＥＫ」,ピオグリタゾンODジョウ30MG,錠,47.1,3969007F4058,チアゾリジン薬
622042901,ピオグリタゾン錠１５ｍｇ「ＥＥ」,ピオグリタゾンジョウ15MGEE,錠,24.0,3969007F1210,チアゾリジン薬
622043001,ピオグリタゾン錠３０ｍｇ「ＥＥ」,ピオグリタゾンジョウ30MGEE,錠,47.1,3969007F2217,チアゾリジン薬
622045201,ピオグリタゾン錠１５ｍｇ「タカタ」,ピオグリタゾンジョウ15MGタカ,錠,24.0,3969007F1164,チアゾリジン薬
622045301,ピオグリタゾン錠３０ｍｇ「タカタ」,ピオグリタゾンジョウ30MGタカ,錠,47.1,3969007F2160,チアゾリジン薬
622045401,ピオグリタゾンＯＤ錠１５ｍｇ「タカタ」,ピオグリタゾンODジョウ15MG,錠,24.0,3969007F3078,チアゾリジン薬
622045501,ピオグリタゾンＯＤ錠３０ｍｇ「タカタ」,ピオグリタゾンODジョウ30MG,錠,47.1,3969007F4074,チアゾリジン薬
622046801,ピオグリタゾン錠１５ｍｇ「オーハラ」,ピオグリタゾンジョウ15MGオー,錠,24.0,3969007F1113,チアゾリジン薬
622046901,ピオグリタゾン錠３０ｍｇ「オーハラ」,ピオグリタゾンジョウ30MGオー,錠,47.1,3969007F2110,チアゾリジン薬
622047701,ピオグリタゾン錠１５ｍｇ「ＺＥ」,ピオグリタゾンジョウ15MGZE,錠,24.0,3969007F1091,チアゾリジン薬
622047801,ピオグリタゾン錠３０ｍｇ「ＺＥ」,ピオグリタゾンジョウ30MGZE,錠,33.4,3969007F2012,チアゾリジン薬
622048401,ソニアス配合錠ＬＤ,ソニアスハイゴウジョウLD,錠,62.8,3969101F1025,配合薬
622048501,ソニアス配合錠ＨＤ,ソニアスハイゴウジョウHD,錠,117.0,3969101F2021,配合薬
622049901,ピオグリタゾン錠１５ｍｇ「アメル」,ピオグリタゾンジョウ15MGアメ,錠,24.0,3969007F1105,チアゾリジン薬
622050001,ピオグリタゾン錠３０ｍｇ「アメル」,ピオグリタゾンジョウ30MGアメ,錠,47.1,3969007F2101,チアゾリジン薬
622053101,ピオグリタゾン錠１５ｍｇ「サワイ」,ピオグリタゾンジョウ15MGサワ,錠,24.0,3969007F1130,チアゾリジン薬
622053201,ピオグリタゾン錠３０ｍｇ「サワイ」,ピオグリタゾンジョウ30MGサワ,錠,47.1,3969007F2136,チアゾリジン薬
622053601,グルベス配合錠,グルベスハイゴウジョウ,錠,47.7,3969102F1020,配合薬
622053801,ピオグリタゾン錠１５ｍｇ「タナベ」,ピオグリタゾンジョウ15MGタナ,錠,24.0,3969007F1172,チアゾリジン薬
622055801,ピオグリタゾン錠１５ｍｇ「トーワ」,ピオグリタゾンジョウ15MGトー,錠,24.0,3969007F1180,チアゾリジン薬
622055901,ピオグリタゾン錠３０ｍｇ「トーワ」,ピオグリタゾンジョウ30MGトー,錠,47.1,3969007F2187,チアゾリジン薬
622056001,ピオグリタゾンＯＤ錠１５ｍｇ「トーワ」,ピオグリタゾンODジョウ15MG,錠,24.0,3969007F3086,チアゾリジン薬
622056101,ピオグリタゾンＯＤ錠３０ｍｇ「トーワ」,ピオグリタゾンODジョウ30MG,錠,47.1,3969007F4082,チアゾリジン薬
622058801,グリメピリド錠１ｍｇ「タイヨー」,グリメピリドジョウ1MGタイヨー,錠,9.9,3961008F1306,スルホニル尿素薬
622058901,グリメピリド錠３ｍｇ「タイヨー」,グリメピリドジョウ3MGタイヨー,錠,15.2,3961008F2302,スルホニル尿素薬
622059002,グリメピリドＯＤ錠１ｍｇ「テバ」,グリメピリドODジョウ1MGテハ,錠,9.9,3961008F4089,スルホニル尿素薬
622059102,グリメピリドＯＤ錠３ｍｇ「テバ」,グリメピリドODジョウ3MGテハ,錠,15.2,3961008F5085,スルホニル尿素薬
622059201,ピオグリタゾン錠１５ｍｇ「タイヨー」,ピオグリタゾンジョウ15MGタイ,錠,24.0,3969007F1156,チアゾリジン薬
622059301,ピオグリタゾン錠３０ｍｇ「タイヨー」,ピオグリタゾンジョウ30MGタイ,錠,47.1,3969007F2152,チアゾリジン薬
622061001,ピオグリタゾン錠３０ｍｇ「タナベ」,ピオグリタゾンジョウ30MGタナ,錠,47.1,3969007F2179,チアゾリジン薬
622061401,ピオグリタゾン錠１５ｍｇ「ＦＦＰ」,ピオグリタゾンジョウ15MGFF,錠,24.0,3969007F1040,チアゾリジン薬
622061501,ピオグリタゾン錠３０ｍｇ「ＦＦＰ」,ピオグリタゾンジョウ30MGFF,錠,47.1,3969007F2047,チアゾリジン薬
622061601,ピオグリタゾンＯＤ錠１５ｍｇ「ＦＦＰ」,ピオグリタゾンODジョウ15MG,錠,24.0,3969007F3043,チアゾリジン薬
622061701,ピオグリタゾンＯＤ錠３０ｍｇ「ＦＦＰ」,ピオグリタゾンODジョウ30MG,錠,47.1,3969007F4040,チアゾリジン薬
622062302,ピオグリタゾン錠１５ｍｇ「ＴＹＫ」,ピオグリタゾンジョウ15MGTY,錠,24.0,3969007F1318,チアゾリジン薬
622062402,ピオグリタゾン錠３０ｍｇ「ＴＹＫ」,ピオグリタゾンジョウ30MGTY,錠,47.1,3969007F2314,チアゾリジン薬
622063001,ピオグリタゾン錠１５ｍｇ「ＮＳ」,ピオグリタゾンジョウ15MGNS,錠,24.0,3969007F1075,チアゾリジン薬
622063101,ピオグリタゾン錠３０ｍｇ「ＮＳ」,ピオグリタゾンジョウ30MGNS,錠,47.1,3969007F2071,チアゾリジン薬
622063201,ピオグリタゾンＯＤ錠１５ｍｇ「ＮＳ」,ピオグリタゾンODジョウ15MG,錠,32.5,3969007F3060,チアゾリジン薬
622063301,ピオグリタゾンＯＤ錠３０ｍｇ「ＮＳ」,ピオグリタゾンODジョウ30MG,錠,47.1,3969007F4066,チアゾリジン薬
622065101,ピオグリタゾン錠１５ｍｇ「ＤＳＥＰ」,ピオグリタゾンジョウ15MGDS,錠,24.0,3969007F1032,チアゾリジン薬
622065201,ピオグリタゾン錠３０ｍｇ「ＤＳＥＰ」,ピオグリタゾンジョウ30MGDS,錠,47.1,3969007F2039,チアゾリジン薬
622065301,ピオグリタゾンＯＤ錠１５ｍｇ「ＤＳＥＰ」,ピオグリタゾンODジョウ15MG,錠,24.0,3969007F3035,チアゾリジン薬
622065401,ピオグリタゾンＯＤ錠３０ｍｇ「ＤＳＥＰ」,ピオグリタゾンODジョウ30MG,錠,47.1,3969007F4031,チアゾリジン薬
622066201,ピオグリタゾン錠１５ｍｇ「ＴＣＫ」,ピオグリタゾンジョウ15MGTC,錠,32.5,3969007F1083,チアゾリジン薬
622066301,ピオグリタゾン錠３０ｍｇ「ＴＣＫ」,ピオグリタゾンジョウ30MGTC,錠,60.5,3969007F2080,チアゾリジン薬
622071701,ピオグリタゾン錠１５ｍｇ「日医工」,ピオグリタゾンジョウ15MGニチ,錠,24.0,3969007F1199,チアゾリジン薬
622071801,ピオグリタゾン錠３０ｍｇ「日医工」,ピオグリタゾンジョウ30MGニチ,錠,47.1,3969007F2195,チアゾリジン薬
622071901,ピオグリタゾンＯＤ錠１５ｍｇ「日医工」,ピオグリタゾンODジョウ15MG,錠,24.0,3969007F3094,チアゾリジン薬
622072001,ピオグリタゾンＯＤ錠３０ｍｇ「日医工」,ピオグリタゾンODジョウ30MG,錠,47.1,3969007F4090,チアゾリジン薬
622075601,グリベンクラミド錠２．５ｍｇ「ＥＭＥＣ」,グリベンクラミドジョウ2.5MG,錠,5.6,3961003F2199,スルホニル尿素薬
622078301,ピオグリタゾン錠１５ｍｇ「モチダ」,ピオグリタゾンジョウ15MGモチ,錠,24.0,3969007F1202,チアゾリジン薬
622078401,ピオグリタゾン錠３０ｍｇ「モチダ」,ピオグリタゾンジョウ30MGモチ,錠,47.1,3969007F2209,チアゾリジン薬
622079101,ピオグリタゾン錠１５ｍｇ「ＮＰ」,ピオグリタゾンジョウ15MGNP,錠,24.0,3969007F1067,チアゾリジン薬
622079201,ピオグリタゾン錠３０ｍｇ「ＮＰ」,ピオグリタゾンジョウ30MGNP,錠,47.1,3969007F2063,チアゾリジン薬
622081801,ピオグリタゾン錠１５ｍｇ「サンド」,ピオグリタゾンジョウ15MGサン,錠,24.0,3969007F1148,チアゾリジン薬
622081901,ピオグリタゾン錠３０ｍｇ「サンド」,ピオグリタゾンジョウ30MGサン,錠,47.1,3969007F2144,チアゾリジン薬
622086001,リオベル配合錠ＬＤ,リオベルハイゴウジョウLD,錠,184.1,3969103F1024,配合薬
622086101,リオベル配合錠ＨＤ,リオベルハイゴウジョウHD,錠,227.5,3969103F2020,配合薬
622088301,グリメピリド錠１ｍｇ「ファイザー」,グリメピリドジョウ1MGファイサ,錠,9.9,3961008F1330,スルホニル尿素薬
622088401,グリメピリド錠３ｍｇ「ファイザー」,グリメピリドジョウ3MGファイサ,錠,19.1,3961008F2337,スルホニル尿素薬
622090001,ボグリボース錠０．２ｍｇ「ファイザー」,ボグリボースジョウ0.2MGファ,錠,12.3,3969004F1276,α-グルコシダーゼ阻害薬
622090101,ボグリボース錠０．３ｍｇ「ファイザー」,ボグリボースジョウ0.3MGファ,錠,17.0,3969004F2272,α-グルコシダーゼ阻害薬
622093501,トラゼンタ錠５ｍｇ,トラゼンタジョウ5MG,錠,155.4,3969014F1024,DPP4阻害薬
622103201,グリベンクラミド錠１．２５ｍｇ「タイヨー」,グリベンクラミドジョウ1.25M,錠,5.6,3961003F1141,スルホニル尿素薬
622114701,グリメピリド錠１ｍｇ「ＦＦＰ」,グリメピリドジョウ1MGFFP,錠,9.9,3961008F1314,スルホニル尿素薬
622114801,グリメピリド錠３ｍｇ「ＦＦＰ」,グリメピリドジョウ3MGFFP,錠,15.2,3961008F2310,スルホニル尿素薬
622118501,グリメピリド錠０．５ｍｇ「ＺＥ」,グリメピリドジョウ0.5MGZE,錠,9.6,3961008F3058,スルホニル尿素薬
622119301,ナテグリニド錠３０ｍｇ「マイラン」,ナテグリニドジョウ30MGマイラン,錠,9.9,3969006F1046,グリニド薬
622119401,ナテグリニド錠９０ｍｇ「マイラン」,ナテグリニドジョウ90MGマイラン,錠,23.0,3969006F2042,グリニド薬
622122201,アマリールＯＤ錠１ｍｇ,アマリールODジョウ1MG,錠,15.9,3961008F4070,スルホニル尿素薬
622122301,アマリールＯＤ錠３ｍｇ,アマリールODジョウ3MG,錠,37.1,3961008F5077,スルホニル尿素薬
622127301,グリメピリド錠０．５ｍｇ「サンド」,グリメピリドジョウ0.5MGサン,錠,9.6,3961008F3066,スルホニル尿素薬
622127401,グリメピリド錠１ｍｇ「サンド」,グリメピリドジョウ1MGサンド,錠,9.9,3961008F1322,スルホニル尿素薬
622127501,グリメピリド錠３ｍｇ「サンド」,グリメピリドジョウ3MGサンド,錠,15.2,3961008F2329,スルホニル尿素薬
622128101,グリメピリド錠０．５ｍｇ「日医工」,グリメピリドジョウ0.5MGニチ,錠,9.6,3961008F3074,スルホニル尿素薬
622137701,グリメピリド錠０．５ｍｇ「ＥＭＥＣ」,グリメピリドジョウ0.5MGEM,錠,9.6,3961008F3090,スルホニル尿素薬
622141101,グリメピリド錠０．５ｍｇ「ＫＮ」,グリメピリドジョウ0.5MGKN,錠,9.6,3961008F3104,スルホニル尿素薬
622141302,グリクラジド錠２０ｍｇ「ＫＮ」,グリクラジドジョウ20MGKN,錠,6.6,3961007F2111,スルホニル尿素薬
622143402,グリクラジド錠２０ｍｇ「トーワ」,グリクラジドジョウ20MGトーワ,錠,5.6,3961007F2103,スルホニル尿素薬
622144001,グリメピリド錠０．５ｍｇ「アメル」,グリメピリドジョウ0.5MGアメ,錠,9.6,3961008F3120,スルホニル尿素薬
622144601,ピオグリタゾンＯＤ錠１５ｍｇ「アメル」,ピオグリタゾンODジョウ15MG,錠,24.0,3969007F3124,チアゾリジン薬
622144701,ピオグリタゾンＯＤ錠３０ｍｇ「アメル」,ピオグリタゾンODジョウ30MG,錠,47.1,3969007F4120,チアゾリジン薬
622147301,ピオグリタゾン錠１５ｍｇ「ファイザー」,ピオグリタゾンジョウ15MGファ,錠,24.0,3969007F1296,チアゾリジン薬
622147401,ピオグリタゾン錠３０ｍｇ「ファイザー」,ピオグリタゾンジョウ30MGファ,錠,47.1,3969007F2292,チアゾリジン薬
622147501,ピオグリタゾンＯＤ錠１５ｍｇ「ファイザー」,ピオグリタゾンODジョウ15MG,錠,24.0,3969007F3167,チアゾリジン薬
622147601,ピオグリタゾンＯＤ錠３０ｍｇ「ファイザー」,ピオグリタゾンODジョウ30MG,錠,47.1,3969007F4163,チアゾリジン薬
622155701,ピオグリタゾン錠１５ｍｇ「ＮＰＩ」,ピオグリタゾンジョウ15MGNP,錠,17.6,3969007F1016,チアゾリジン薬
622155801,ピオグリタゾン錠３０ｍｇ「ＮＰＩ」,ピオグリタゾンジョウ30MGNP,錠,33.4,3969007F2012,チアゾリジン薬
622155901,ピオグリタゾンＯＤ錠１５ｍｇ「ＮＰＩ」,ピオグリタゾンODジョウ15MG,錠,24.0,3969007F3108,チアゾリジン薬
622156001,ピオグリタゾンＯＤ錠３０ｍｇ「ＮＰＩ」,ピオグリタゾンODジョウ30MG,錠,47.1,3969007F4104,チアゾリジン薬
622156901,ピオグリタゾンＯＤ錠１５ｍｇ「ＴＣＫ」,ピオグリタゾンODジョウ15MG,錠,24.0,3969007F3116,チアゾリジン薬
622157001,ピオグリタゾンＯＤ錠３０ｍｇ「ＴＣＫ」,ピオグリタゾンODジョウ30MG,錠,47.1,3969007F4112,チアゾリジン薬
622159301,グリメピリド錠０．５ｍｇ「ＴＹＫ」,グリメピリドジョウ0.5MGTY,錠,9.6,3961008F3112,スルホニル尿素薬
622159401,ピオグリタゾンＯＤ錠１５ｍｇ「テバ」,ピオグリタゾンODジョウ15MG,錠,24.0,3969007F3159,チアゾリジン薬
622159501,ピオグリタゾンＯＤ錠３０ｍｇ「テバ」,ピオグリタゾンODジョウ30MG,錠,47.1,3969007F4155,チアゾリジン薬
622163301,ピオグリタゾン錠１５ｍｇ「ケミファ」,ピオグリタゾンジョウ15MGケミ,錠,24.0,3969007F1288,チアゾリジン薬
622163401,ピオグリタゾン錠３０ｍｇ「ケミファ」,ピオグリタゾンジョウ30MGケミ,錠,47.1,3969007F2284,チアゾリジン薬
622164301,ピオグリタゾン錠１５ｍｇ「ＴＳＵ」,ピオグリタゾンジョウ15MGTS,錠,17.6,3969007F1016,チアゾリジン薬
622164401,ピオグリタゾン錠３０ｍｇ「ＴＳＵ」,ピオグリタゾンジョウ30MGTS,錠,47.1,3969007F2250,チアゾリジン薬
622166801,ピオグリタゾン錠１５ｍｇ「ＪＧ」,ピオグリタゾンジョウ15MGJG,錠,24.0,3969007F1229,チアゾリジン薬
622166901,ピオグリタゾン錠３０ｍｇ「ＪＧ」,ピオグリタゾンジョウ30MGJG,錠,47.1,3969007F2225,チアゾリジン薬
622167201,ピオグリタゾンＯＤ錠１５ｍｇ「ケミファ」,ピオグリタゾンODジョウ15MG,錠,24.0,3969007F3140,チアゾリジン薬
622167301,ピオグリタゾンＯＤ錠３０ｍｇ「ケミファ」,ピオグリタゾンODジョウ30MG,錠,47.1,3969007F4147,チアゾリジン薬
622169102,グリクラジド錠２０ｍｇ「サワイ」,グリクラジドジョウ20MGサワイ,錠,6.6,3961007F2090,スルホニル尿素薬
622169301,グリメピリド錠０．５ｍｇ「ＡＡ」,グリメピリドジョウ0.5MGAA,錠,9.6,3961008F3082,スルホニル尿素薬
622175401,ピオグリタゾン錠１５ｍｇ「杏林」,ピオグリタゾンジョウ15MGキョ,錠,24.0,3969007F1270,チアゾリジン薬
622175501,ピオグリタゾン錠３０ｍｇ「杏林」,ピオグリタゾンジョウ30MGキョ,錠,47.1,3969007F2276,チアゾリジン薬
622175601,ピオグリタゾンＯＤ錠１５ｍｇ「杏林」,ピオグリタゾンODジョウ15MG,錠,24.0,3969007F3132,チアゾリジン薬
622175701,ピオグリタゾンＯＤ錠３０ｍｇ「杏林」,ピオグリタゾンODジョウ30MG,錠,47.1,3969007F4139,チアゾリジン薬
622176301,グリメピリド錠０．５ｍｇ「杏林」,グリメピリドジョウ0.5MGキョ,錠,9.6,3961008F3147,スルホニル尿素薬
622177501,グリメピリド錠０．５ｍｇ「イセイ」,グリメピリドジョウ0.5MGイセ,錠,9.6,3961008F3139,スルホニル尿素薬
622182401,ピオグリタゾン錠１５ｍｇ「ＫＯ」,ピオグリタゾンジョウ15MGKO,錠,24.0,3969007F1237,チアゾリジン薬
622182501,ピオグリタゾン錠３０ｍｇ「ＫＯ」,ピオグリタゾンジョウ30MGKO,錠,47.1,3969007F2233,チアゾリジン薬
622182601,テネリア錠２０ｍｇ,テネリアジョウ20MG,錠,154.6,3969015F1029,DPP4阻害薬
622186201,グリメピリド錠０．５ｍｇ「オーハラ」,グリメピリドジョウ0.5MGオー,錠,9.6,3961008F3210,スルホニル尿素薬
622187301,グリメピリド錠０．５ｍｇ「ＹＤ」,グリメピリドジョウ0.5MGYD,錠,9.6,3961008F3201,スルホニル尿素薬
622190002,グリメピリド錠０．５ｍｇ「Ｍｅ」,グリメピリドジョウ0.5MGME,錠,9.6,3961008F3317,スルホニル尿素薬
622190801,グリメピリド錠０．５ｍｇ「ＢＭＤ」,グリメピリドジョウ0.5MGBM,錠,9.6,3961008F3163,スルホニル尿素薬
622193301,グリメピリドＯＤ錠０．５ｍｇ「ＥＭＥＣ」,グリメピリドODジョウ0.5MG,錠,9.6,3961008F6030,スルホニル尿素薬
622194901,グリメピリド錠０．５ｍｇ「トーワ」,グリメピリドジョウ0.5MGトー,錠,9.6,3961008F3279,スルホニル尿素薬
622196601,ナテグリニド錠３０ｍｇ「テバ」,ナテグリニドジョウ30MGテバ,錠,9.9,3969006F1054,グリニド薬
622196701,ナテグリニド錠９０ｍｇ「テバ」,ナテグリニドジョウ90MGテバ,錠,23.0,3969006F2050,グリニド薬
622198001,グリメピリド錠０．５ｍｇ「日新」,グリメピリドジョウ0.5MGニッ,錠,9.6,3961008F3287,スルホニル尿素薬
622201701,スイニー錠１００ｍｇ,スイニージョウ100MG,錠,62.2,3969016F1023,DPP4阻害薬
622202201,グリメピリド錠０．５ｍｇ「タナベ」,グリメピリドジョウ0.5MGタナ,錠,9.6,3961008F3260,スルホニル尿素薬
622202801,グリメピリドＯＤ錠０．５ｍｇ「ＫＮ」,グリメピリドODジョウ0.5MG,錠,9.6,3961008F6049,スルホニル尿素薬
622205101,グリメピリド錠０．５ｍｇ「ＪＧ」,グリメピリドジョウ0.5MGJG,錠,9.6,3961008F3180,スルホニル尿素薬
622205501,グリメピリド錠０．５ｍｇ「ファイザー」,グリメピリドジョウ0.5MGファ,錠,9.6,3961008F3295,スルホニル尿素薬
622208901,グリメピリド錠０．５ｍｇ「ケミファ」,グリメピリドジョウ0.5MGケミ,錠,9.6,3961008F3236,スルホニル尿素薬
622211501,グリメピリド錠０．５ｍｇ「ＦＦＰ」,グリメピリドジョウ0.5MGFF,錠,9.6,3961008F3171,スルホニル尿素薬
622217701,アマリールＯＤ錠０．５ｍｇ,アマリールODジョウ0.5MG,錠,9.9,3961008F6022,スルホニル尿素薬
622219701,グリメピリド錠０．５ｍｇ「サワイ」,グリメピリドジョウ0.5MGサワ,錠,9.6,3961008F3244,スルホニル尿素薬
622221001,グリメピリド錠０．５ｍｇ「科研」,グリメピリドジョウ0.5MGカケ,錠,9.6,3961008F3228,スルホニル尿素薬
622222001,グリメピリド錠０．５ｍｇ「ＴＣＫ」,グリメピリドジョウ0.5MGTC,錠,9.6,3961008F3198,スルホニル尿素薬
622230001,ナテグリニド錠３０ｍｇ「日医工」,ナテグリニドジョウ30MGニチイコ,錠,9.9,3969006F1062,グリニド薬
622230101,ナテグリニド錠９０ｍｇ「日医工」,ナテグリニドジョウ90MGニチイコ,錠,23.0,3969006F2069,グリニド薬
622242001,グリメピリドＯＤ錠０．５ｍｇ「テバ」,グリメピリドODジョウ0.5MG,錠,9.6,3961008F6073,スルホニル尿素薬
622242501,メトグルコ錠５００ｍｇ,メトグルコジョウ500MG,錠,15.4,3962002F3023,ビグアイド薬
622245601,オングリザ錠２．５ｍｇ,オングリザジョウ2.5MG,錠,84.1,3969017F1028,DPP4阻害薬
622245701,オングリザ錠５ｍｇ,オングリザジョウ5MG,錠,126.2,3969017F2024,DPP4阻害薬
622246801,グリメピリド錠０．５ｍｇ「モチダ」,グリメピリドジョウ0.5MGモチ,錠,9.6,3961008F3309,スルホニル尿素薬
622252501,グリメピリドＯＤ錠０．５ｍｇ「ケミファ」,グリメピリドODジョウ0.5MG,錠,9.6,3961008F6065,スルホニル尿素薬
622254701,グリメピリドＯＤ錠０．５ｍｇ「ＡＦＰ」,グリメピリドODジョウ0.5MG,錠,9.6,3961008F6057,スルホニル尿素薬
622271101,グリメピリドＯＤ錠０．５ｍｇ「日医工」,グリメピリドODジョウ0.5MG,錠,9.6,3961008F6081,スルホニル尿素薬
622271201,グリメピリドＯＤ錠１ｍｇ「日医工」,グリメピリドODジョウ1MGニチ,錠,9.9,3961008F4097,スルホニル尿素薬
622271301,グリメピリドＯＤ錠３ｍｇ「日医工」,グリメピリドODジョウ3MGニチ,錠,15.2,3961008F5093,スルホニル尿素薬
622277501,ジャヌビア錠１２．５ｍｇ,ジャヌビアジョウ12.5MG,錠,57.9,3969010F4033,DPP4阻害薬
622288401,グラクティブ錠１２．５ｍｇ,グラクティブジョウ12.5MG,錠,58.4,3969010F4025,DPP4阻害薬
622302201,アカルボース錠５０ｍｇ「ＴＣＫ」,アカルボースジョウ50MGTCK,錠,10.8,3969003F1123,α-グルコシダーゼ阻害薬
622302301,アカルボース錠１００ｍｇ「ＴＣＫ」,アカルボースジョウ100MGTCK,錠,19.2,3969003F2120,α-グルコシダーゼ阻害薬
622306601,スーグラ錠２５ｍｇ,スーグラジョウ25MG,錠,133.8,3969018F1022,SGLT2阻害薬
622306701,スーグラ錠５０ｍｇ,スーグラジョウ50MG,錠,200.2,3969018F2029,SGLT2阻害薬
622320800,ピオグリタゾン塩酸塩１５ｍｇ錠,ピオグリタゾンエンサンエン15MG,錠,17.6,3969007F1016,チアゾリジン薬
622320900,ピオグリタゾン塩酸塩３０ｍｇ錠,ピオグリタゾンエンサンエン30MG,錠,33.4,3969007F2012,チアゾリジン薬
622335701,ルセフィ錠２．５ｍｇ,ルセフィジョウ2.5MG,錠,189.0,3969020F1020,SGLT2阻害薬
622335801,ルセフィ錠５ｍｇ,ルセフィジョウ5MG,錠,283.5,3969020F2026,SGLT2阻害薬
622336801,デベルザ錠２０ｍｇ,デベルザジョウ20MG,錠,199.1,3969021F1032,SGLT2阻害薬
622338501,グリメピリドＯＤ錠０．５ｍｇ「トーワ」,グリメピリドODジョウ0.5MG,錠,9.6,3961008F6090,スルホニル尿素薬
622338601,グリメピリドＯＤ錠１ｍｇ「トーワ」,グリメピリドODジョウ1MGトー,錠,9.9,3961008F4100,スルホニル尿素薬
622338701,グリメピリドＯＤ錠３ｍｇ「トーワ」,グリメピリドODジョウ3MGトー,錠,19.1,3961008F5107,スルホニル尿素薬
622340101,アプルウェイ錠２０ｍｇ,アプルウェイジョウ20MG,錠,202.1,3969021F1024,SGLT2阻害薬
622341901,フォシーガ錠５ｍｇ,フォシーガジョウ5MG,錠,198.5,3969019F1027,SGLT2阻害薬
622342001,フォシーガ錠１０ｍｇ,フォシーガジョウ10MG,錠,296.9,3969019F2023,SGLT2阻害薬
622360601,カナグル錠１００ｍｇ,カナグルジョウ100MG,錠,190.5,3969022F1029,SGLT2阻害薬
622401201,ジャディアンス錠１０ｍｇ,ジャディアンスジョウ10MG,錠,198.7,3969023F1023,SGLT2阻害薬
622401301,ジャディアンス錠２５ｍｇ,ジャディアンスジョウ25MG,錠,339.0,3969023F2020,SGLT2阻害薬
622412701,メトホルミン塩酸塩錠２５０ｍｇＭＴ「トーワ」,メトホルミンエンサンエンジョウ250M,錠,9.9,3962002F2086,ビグアイド薬
622415401,ザファテック錠５０ｍｇ,ザファテックジョウ50MG,錠,530.1,3969024F1028,DPP4阻害薬
622415501,ザファテック錠１００ｍｇ,ザファテックジョウ100MG,錠,995.0,3969024F2024,DPP4阻害薬
622417101,メトホルミン塩酸塩錠２５０ｍｇＭＴ「ファイザー」,メトホルミンエンサンエンジョウ250M,錠,9.9,3962002F2116,ビグアイド薬
622417201,メトホルミン塩酸塩錠５００ｍｇＭＴ「ファイザー」,メトホルミンエンサンエンジョウ500M,錠,9.9,3962002F3090,ビグアイド薬
622421101,メトホルミン塩酸塩錠２５０ｍｇＭＴ「ＴＥ」,メトホルミンエンサンエンジョウ250M,錠,9.9,3962002F2060,ビグアイド薬
622421201,メトホルミン塩酸塩錠５００ｍｇＭＴ「ＴＥ」,メトホルミンエンサンエンジョウ500M,錠,9.9,3962002F3066,ビグアイド薬
622421901,メトホルミン塩酸塩錠２５０ｍｇＭＴ「ＪＧ」,メトホルミンエンサンエンジョウ250M,錠,9.9,3962002F2043,ビグアイド薬
622422001,メトホルミン塩酸塩錠５００ｍｇＭＴ「ＪＧ」,メトホルミンエンサンエンジョウ500M,錠,9.9,3962002F3040,ビグアイド薬
622424401,メトホルミン塩酸塩錠２５０ｍｇＭＴ「ＴＣＫ」,メトホルミンエンサンエンジョウ250M,錠,9.9,3962002F2051,ビグアイド薬
622424501,メトホルミン塩酸塩錠５００ｍｇＭＴ「ＴＣＫ」,メトホルミンエンサンエンジョウ500M,錠,9.9,3962002F3058,ビグアイド薬
622426601,セイブルＯＤ錠５０ｍｇ,セイブルODジョウ50MG,錠,37.7,3969009F4022,α-グルコシダーゼ阻害薬
622426701,セイブルＯＤ錠７５ｍｇ,セイブルODジョウ75MG,錠,52.9,3969009F5029,α-グルコシダーゼ阻害薬
622427201,メトホルミン塩酸塩錠２５０ｍｇＭＴ「ＤＳＥＰ」,メトホルミンエンサンエンジョウ250M,錠,9.9,3962002F2035,ビグアイド薬
622427301,メトホルミン塩酸塩錠５００ｍｇＭＴ「ＤＳＥＰ」,メトホルミンエンサンエンジョウ500M,錠,9.9,3962002F3031,ビグアイド薬
622432501,セイブルＯＤ錠２５ｍｇ,セイブルODジョウ25MG,錠,21.9,3969009F6025,α-グルコシダーゼ阻害薬
622432601,メトホルミン塩酸塩錠２５０ｍｇＭＴ「三和」,メトホルミンエンサンエンジョウ250M,錠,9.9,3962002F2078,ビグアイド薬
622432701,メトホルミン塩酸塩錠５００ｍｇＭＴ「三和」,メトホルミンエンサンエンジョウ500M,錠,9.9,3962002F3074,ビグアイド薬
622436301,メトホルミン塩酸塩錠２５０ｍｇＭＴ「日医工」,メトホルミンエンサンエンジョウ250M,錠,9.9,3962002F2094,ビグアイド薬
622438401,メトホルミン塩酸塩錠２５０ｍｇＭＴ「ニプロ」,メトホルミンエンサンエンジョウ250M,錠,9.9,3962002F2108,ビグアイド薬
622438501,メトホルミン塩酸塩錠５００ｍｇＭＴ「ニプロ」,メトホルミンエンサンエンジョウ500M,錠,9.9,3962002F3082,ビグアイド薬
622448601,メトホルミン塩酸塩錠５００ｍｇＭＴ「トーワ」,メトホルミンエンサンエンジョウ500M,錠,9.9,3962002F3104,ビグアイド薬
622448901,マリゼブ錠２５ｍｇ,マリゼブジョウ25MG,錠,971.3,3969025F2029,DPP4阻害薬
622449001,マリゼブ錠１２．５ｍｇ,マリゼブジョウ12.5MG,錠,520.2,3969025F1022,DPP4阻害薬
622450301,エクメット配合錠ＬＤ,エクメットハイゴウジョウLD,錠,77.6,3969104F1029,配合薬
622450401,エクメット配合錠ＨＤ,エクメットハイゴウジョウHD,錠,77.6,3969104F2025,配合薬
622462401,グルファストＯＤ錠５ｍｇ,グルファストODジョウ5MG,錠,22.7,3969008F3021,グリニド薬
622462501,グルファストＯＤ錠１０ｍｇ,グルファストODジョウ10MG,錠,40.1,3969008F4028,グリニド薬
622466601,メトホルミン塩酸塩錠５００ｍｇＭＴ「日医工」,メトホルミンエンサンエンジョウ500M,錠,9.9,3962002F3112,ビグアイド薬
622515201,ミチグリニドＣａ・ＯＤ錠５ｍｇ「ＴＣＫ」,ミチグリニドCAODジョウ5MGT,錠,9.9,3969008F3056,グリニド薬
622515301,ミチグリニドＣａ・ＯＤ錠１０ｍｇ「ＴＣＫ」,ミチグリニドCAODジョウ10MG,錠,17.1,3969008F4052,グリニド薬
622517101,イニシンク配合錠,イニシンクハイゴウジョウ,錠,166.4,3969105F1023,配合薬
622518101,ミチグリニドＣａ・ＯＤ錠５ｍｇ「ＦＦＰ」,ミチグリニドCAODジョウ5MGF,錠,9.9,3969008F3030,グリニド薬
622518201,ミチグリニドＣａ・ＯＤ錠１０ｍｇ「ＦＦＰ」,ミチグリニドCAODジョウ10MG,錠,17.1,3969008F4036,グリニド薬
622520901,ミチグリニドＣａ・ＯＤ錠５ｍｇ「三和」,ミチグリニドCAODジョウ5MGサ,錠,9.9,3969008F3064,グリニド薬
622521001,ミチグリニドＣａ・ＯＤ錠１０ｍｇ「三和」,ミチグリニドCAODジョウ10MG,錠,17.1,3969008F4060,グリニド薬
622523301,ミチグリニドＣａ・ＯＤ錠５ｍｇ「フソー」,ミチグリニドCAODジョウ5MGフ,錠,9.9,3969008F3072,グリニド薬
622523401,ミチグリニドＣａ・ＯＤ錠１０ｍｇ「フソー」,ミチグリニドCAODジョウ10MG,錠,17.1,3969008F4079,グリニド薬
622525301,ミチグリニドＣａ・ＯＤ錠５ｍｇ「ＪＧ」,ミチグリニドCAODジョウ5MGJ,錠,9.9,3969008F3048,グリニド薬
622525401,ミチグリニドＣａ・ＯＤ錠１０ｍｇ「ＪＧ」,ミチグリニドCAODジョウ10MG,錠,17.1,3969008F4044,グリニド薬
622544301,ミグリトール錠２５ｍｇ「トーワ」,ミグリトールジョウ25MGトーワ,錠,9.8,3969009F1031,α-グルコシダーゼ阻害薬
622544401,ミグリトール錠５０ｍｇ「トーワ」,ミグリトールジョウ50MGトーワ,錠,17.5,3969009F2038,α-グルコシダーゼ阻害薬
622544501,ミグリトール錠７５ｍｇ「トーワ」,ミグリトールジョウ75MGトーワ,錠,22.2,3969009F3034,α-グルコシダーゼ阻害薬
622560201,ミグリトールＯＤ錠２５ｍｇ「サワイ」,ミグリトールODジョウ25MGサワイ,錠,9.8,3969009F6033,α-グルコシダーゼ阻害薬
622560301,ミグリトールＯＤ錠５０ｍｇ「サワイ」,ミグリトールODジョウ50MGサワイ,錠,17.5,3969009F4030,α-グルコシダーゼ阻害薬
622560401,ミグリトールＯＤ錠７５ｍｇ「サワイ」,ミグリトールODジョウ75MGサワイ,錠,22.2,3969009F5037,α-グルコシダーゼ阻害薬
622573601,カナリア配合錠,カナリアハイゴウジョウ,錠,290.2,3969106F1028,配合薬
622625702,スージャヌ配合錠,スージャヌハイゴウジョウ,錠,263.8,3969107F1022,配合薬
622628601,ミグリトールＯＤ錠２５ｍｇ「トーワ」,ミグリトールODジョウ25MGトーワ,錠,9.8,3969009F6041,α-グルコシダーゼ阻害薬
622628701,ミグリトールＯＤ錠５０ｍｇ「トーワ」,ミグリトールODジョウ50MGトーワ,錠,17.5,3969009F4049,α-グルコシダーゼ阻害薬
622628801,ミグリトールＯＤ錠７５ｍｇ「トーワ」,ミグリトールODジョウ75MGトーワ,錠,22.2,3969009F5045,α-グルコシダーゼ阻害薬
622631401,グリメピリド錠０．５ｍｇ「フェルゼン」,グリメピリドジョウ0.5MGフェ,錠,9.6,3961008F3325,スルホニル尿素薬
622636501,グリメピリド錠１ｍｇ「フェルゼン」,グリメピリドジョウ1MGフェルセ,錠,9.9,3961008F1365,スルホニル尿素薬
622636601,グリメピリド錠３ｍｇ「フェルゼン」,グリメピリドジョウ3MGフェルセ,錠,15.2,3961008F2361,スルホニル尿素薬
