告示番号,指定難病名,傷病名コード,傷病名省略名称
1,球脊髄性筋萎縮症,8832469,球脊髄性筋萎縮症
2,筋萎縮性側索硬化症,8842326,家族性筋萎縮性側索硬化症
2,筋萎縮性側索硬化症,3352007,筋萎縮性側索硬化症
2,筋萎縮性側索硬化症,8846130,孤発性筋萎縮性側索硬化症
3,脊髄性筋萎縮症,8830897,遠位型脊髄性筋萎縮症
3,脊髄性筋萎縮症,3351008,家族性脊髄性筋萎縮症
3,脊髄性筋萎縮症,8832469,球脊髄性筋萎縮症
3,脊髄性筋萎縮症,8833232,肩甲腓骨型脊髄性筋萎縮症
3,脊髄性筋萎縮症,8835990,脊髄性筋萎縮症
3,脊髄性筋萎縮症,8846173,脊髄性筋萎縮症Ｉ型
3,脊髄性筋萎縮症,8846174,脊髄性筋萎縮症ＩＩ型
3,脊髄性筋萎縮症,8846175,脊髄性筋萎縮症ＩＩＩ型
3,脊髄性筋萎縮症,8845973,脊髄性筋萎縮症ＩＶ型
3,脊髄性筋萎縮症,3350003,乳児性脊髄性筋萎縮症
3,脊髄性筋萎縮症,3350002,ウェルドニッヒ・ホフマン病
3,脊髄性筋萎縮症,3351001,クーゲルベルグ・ヴェランダー病
3,脊髄性筋萎縮症,8834792,小児性進行性筋萎縮症
3,脊髄性筋萎縮症,3352027,進行性筋萎縮
3,脊髄性筋萎縮症,8835252,若年性進行性筋萎縮症
3,脊髄性筋萎縮症,3352013,脊髄進行性筋萎縮症
3,脊髄性筋萎縮症,3351004,脊髄性筋萎縮（症）
3,脊髄性筋萎縮症,3352014,脊髄性進行性筋萎縮症
4,原発性側索硬化症,3352008,原発性側索硬化症
5,進行性核上性麻痺,3318005,進行性核上性麻痺
6,パーキンソン病,8842319,家族性パーキンソン病
6,パーキンソン病,8843850,家族性パーキンソン病Ｙａｈｒ１
6,パーキンソン病,8843851,家族性パーキンソン病Ｙａｈｒ２
6,パーキンソン病,8843852,家族性パーキンソン病Ｙａｈｒ３
6,パーキンソン病,8843853,家族性パーキンソン病Ｙａｈｒ４
6,パーキンソン病,8843854,家族性パーキンソン病Ｙａｈｒ５
6,パーキンソン病,8846156,若年性パーキンソン病
6,パーキンソン病,8846157,若年性パーキンソン病Ｙａｈｒ３
6,パーキンソン病,8846158,若年性パーキンソン病Ｙａｈｒ４
6,パーキンソン病,8846159,若年性パーキンソン病Ｙａｈｒ５
6,パーキンソン病,8850077,認知症を伴うパーキンソン病
6,パーキンソン病,3320002,パーキンソン病
6,パーキンソン病,8843950,パーキンソン病Ｙａｈｒ１
6,パーキンソン病,8843951,パーキンソン病Ｙａｈｒ２
6,パーキンソン病,8843952,パーキンソン病Ｙａｈｒ３
6,パーキンソン病,8843953,パーキンソン病Ｙａｈｒ４
6,パーキンソン病,8843954,パーキンソン病Ｙａｈｒ５
6,パーキンソン病,8845602,パーキンソン病の認知症
6,パーキンソン病,8833314,原発性パーキンソン症候群
6,パーキンソン病,3320003,振戦麻痺
7,大脳皮質基底核変性症,8841403,大脳皮質基底核変性症
8,ハンチントン病,8846154,若年型ハンチントン病
8,ハンチントン病,8843948,ハンチントン病
8,ハンチントン病,8845600,ハンチントン病の認知症
8,ハンチントン病,3334002,ハンチントン舞踏病
9,神経有棘赤血球症,8848266,神経有棘赤血球症
9,神経有棘赤血球症,8848306,マクラウド症候群
9,神経有棘赤血球症,3335006,有棘赤血球舞踏病
10,シャルコー・マリー・トゥース病,8834519,シャルコー・マリー・トゥース病
10,シャルコー・マリー・トゥース病,3561001,シャルコー・マリー・トース病
10,シャルコー・マリー・トゥース病,3352009,神経性進行性筋萎縮症
11,重症筋無力症,8841407,眼筋型重症筋無力症
11,重症筋無力症,8846112,胸腺腫合併重症筋無力症
11,重症筋無力症,8846113,胸腺摘出後重症筋無力症
11,重症筋無力症,7752001,新生児重症筋無力症
11,重症筋無力症,8846153,若年型重症筋無力症
11,重症筋無力症,3580006,重症筋無力症
11,重症筋無力症,8846179,全身型重症筋無力症
11,重症筋無力症,8830526,一過性新生児重症筋無力症
11,重症筋無力症,3580004,眼筋性重症筋無力症
11,重症筋無力症,3580008,先天性重症筋無力症
11,重症筋無力症,8830896,エルブ・ゴールドフラム症候群
11,重症筋無力症,3580002,エルブ・ゴルドフラム症候群
11,重症筋無力症,3580012,エルブ・ゴルドフラム病
11,重症筋無力症,3580003,眼筋型筋無力症
11,重症筋無力症,3580010,ゴールドフラム・エルブ症候群
11,重症筋無力症,3580011,ゴールドフラム・エルブ病
12,先天性筋無力症候群,8848366,先天性筋無力症候群
12,先天性筋無力症候群,3589011,先天性筋無緊張症
12,先天性筋無力症候群,3580007,先天性筋無力症
13,多発性硬化症／視神経脊髄炎,8850381,一次性進行型多発性硬化症
13,多発性硬化症／視神経脊髄炎,8832406,急性多発性硬化症
13,多発性硬化症／視神経脊髄炎,8850432,再発寛解型多発性硬化症
13,多発性硬化症／視神経脊髄炎,3410003,視神経脊髄炎
13,多発性硬化症／視神経脊髄炎,8850192,視神経脊髄炎スペクトラム
13,多発性硬化症／視神経脊髄炎,8835995,脊髄多発性硬化症
13,多発性硬化症／視神経脊髄炎,3409005,多発性硬化症
13,多発性硬化症／視神経脊髄炎,8850553,二次性進行型多発性硬化症
13,多発性硬化症／視神経脊髄炎,8838689,脳幹多発性硬化症
13,多発性硬化症／視神経脊髄炎,8844908,バロー病
13,多発性硬化症／視神経脊髄炎,8840486,無症候性多発性硬化症
13,多発性硬化症／視神経脊髄炎,8846138,視神経脊髄型多発性硬化症
13,多発性硬化症／視神経脊髄炎,8836574,全般性多発性硬化症
13,多発性硬化症／視神経脊髄炎,8837019,多発性硬化症の痴呆
13,多発性硬化症／視神経脊髄炎,3410001,デビック病
13,多発性硬化症／視神経脊髄炎,3409004,多発硬化症
13,多発性硬化症／視神経脊髄炎,8841406,バロー同心性硬化症
13,多発性硬化症／視神経脊髄炎,3411006,バロ疾患
13,多発性硬化症／視神経脊髄炎,3411007,バロ同心性硬化症
13,多発性硬化症／視神経脊髄炎,3409007,無症候性多発硬化症
14,慢性炎症性脱髄性多発神経炎／多巣性運動ニューロパチー,8841400,多巣性運動ニューロパチー
14,慢性炎症性脱髄性多発神経炎／多巣性運動ニューロパチー,8841670,慢性炎症性脱髄性多発神経炎
15,封入体筋炎,7104007,封入体筋炎
16,クロウ・深瀬症候群,8847152,ＰＯＥＭＳ症候群
16,クロウ・深瀬症候群,8832852,クロウ・深瀬症候群
17,多系統萎縮症,8831003,オリーブ橋小脳萎縮症
17,多系統萎縮症,3330003,シャイ・ドレーガー症候群
17,多系統萎縮症,8836114,線条体黒質変性症
17,多系統萎縮症,8843934,多系統萎縮症
17,多系統萎縮症,3330013,ＯＰＣＡ
17,多系統萎縮症,3330001,オリーブ橋小脳萎縮（症）
17,多系統萎縮症,3330010,線状体黒質変性症
17,多系統萎縮症,8836980,多系統変性症
18,脊髄小脳変性症(多系統萎縮症を除く。),8835986,脊髄小脳変性症
18,脊髄小脳変性症(多系統萎縮症を除く。),3343014,脊髄小脳性運動失調
18,脊髄小脳変性症(多系統萎縮症を除く。),3349007,脊髄小脳変性（症）
19,ライソゾーム病,8830079,ＧＭ１ガングリオシドーシス
19,ライソゾーム病,8830080,ＧＭ２ガングリオシドーシス
19,ライソゾーム病,8830081,ＧＭ２ガングリオシドーシス１型
19,ライソゾーム病,8830082,ＧＭ２ガングリオシドーシス２型
19,ライソゾーム病,8846091,アスパルチルグルコサミン尿症
19,ライソゾーム病,8830484,異染性白質ジストロフィー
19,ライソゾーム病,8831888,ガラクトシアリドーシス
19,ライソゾーム病,3300002,クラッベ病
19,ライソゾーム病,8846124,後期乳児型異染性白質ジストロフィー
19,ライソゾーム病,2727004,ゴーシェ病
19,ライソゾーム病,8846133,ゴーシェ病１型
19,ライソゾーム病,8846134,ゴーシェ病２型
19,ライソゾーム病,8846135,ゴーシェ病３型
19,ライソゾーム病,8849631,酸性リパーゼ欠損症
19,ライソゾーム病,8842242,シアリドーシス
19,ライソゾーム病,2700015,シスチン症
19,ライソゾーム病,8846151,シンドラー病
19,ライソゾーム病,8846295,若年型ＧＭ１ガングリオシドーシス
19,ライソゾーム病,8846296,若年型ＧＭ２ガングリオシドーシス
19,ライソゾーム病,8846152,若年型異染性白質ジストロフィー
19,ライソゾーム病,8848206,腎性シスチン症
19,ライソゾーム病,8846304,成人型ＧＭ１ガングリオシドーシス
19,ライソゾーム病,8846305,成人型ＧＭ２ガングリオシドーシス
19,ライソゾーム病,8846168,成人型異染性白質ジストロフィー
19,ライソゾーム病,8846169,成人型クラッベ病
19,ライソゾーム病,8846187,ダノン病
19,ライソゾーム病,3302003,ニーマン・ピック病
19,ライソゾーム病,8846198,ニーマン・ピック病Ａ型
19,ライソゾーム病,8846199,ニーマン・ピック病Ｂ型
19,ライソゾーム病,8846200,ニーマン・ピック病Ｃ型
19,ライソゾーム病,8846322,乳児型ＧＭ１ガングリオシドーシス
19,ライソゾーム病,8846323,乳児型ＧＭ２ガングリオシドーシス
19,ライソゾーム病,8846201,乳児型クラッベ病
19,ライソゾーム病,8848220,非腎性シスチン症
19,ライソゾーム病,8846212,ファーバー病
19,ライソゾーム病,8839589,ファブリー病
19,ライソゾーム病,8846235,β−マンノシドーシス
19,ライソゾーム病,8846223,マンノシドーシス
19,ライソゾーム病,2775007,ムコ多糖症
19,ライソゾーム病,8846225,ムコ多糖症Ｉ型
19,ライソゾーム病,8846226,ムコ多糖症ＩＩ型
19,ライソゾーム病,8846227,ムコ多糖症ＩＩＩ型
19,ライソゾーム病,8848416,ムコ多糖症ＩＶＡ型
19,ライソゾーム病,8848417,ムコ多糖症ＩＶＢ型
19,ライソゾーム病,8846228,ムコ多糖症ＩＶ型
19,ライソゾーム病,8846229,ムコ多糖症ＶＩ型
19,ライソゾーム病,8846230,ムコ多糖症ＶＩＩ型
19,ライソゾーム病,8840477,ムコリピドーシス３型
19,ライソゾーム病,8849689,遊離シアル酸蓄積症
19,ライソゾーム病,8830051,７型ムコ多糖症
19,ライソゾーム病,8830083,ＧＭ２ガングリオシドーシス３型
19,ライソゾーム病,2727014,若年者ＧＭ２ガングリオシドーシス
19,ライソゾーム病,8837215,第１型ムコ多糖症
19,ライソゾーム病,3301001,ＧＭ１ガングリオシドージス
19,ライソゾーム病,8830246,アスパラギングルコサミン尿症
19,ライソゾーム病,8832886,グロボイド細胞性脳白質異栄養症
19,ライソゾーム病,2727030,サンドホフ病
19,ライソゾーム病,8834121,サンフィリッポ症候群
19,ライソゾーム病,3300014,ショルツ型白質ジストロフィー
19,ライソゾーム病,3300008,ショルツ症候群
19,ライソゾーム病,3301004,ティ・ザックス病
19,ライソゾーム病,8838785,ハーラー・シャイエ症候群
19,ライソゾーム病,2775006,ハンター症候群
19,ライソゾーム病,3303001,ハンター病
19,ライソゾーム病,3302004,ファブリ病
19,ライソゾーム病,8840023,ベータグルクロニダーゼ欠損症
19,ライソゾーム病,8840293,マロトー・ラミー症候群
19,ライソゾーム病,8840419,マンノース症
19,ライソゾーム病,3303002,ムコ多糖体蓄積症
19,ライソゾーム病,2775020,ムコ多糖類症
19,ライソゾーム病,8840476,ムコリピドーシス１型
19,ライソゾーム病,8840682,モルキオ症候群
20,副腎白質ジストロフィー,8848556,新生児型副腎白質ジストロフィー
20,副腎白質ジストロフィー,8839695,副腎白質ジストロフィー
21,ミトコンドリア病,8845613,ミトコンドリア病
22,もやもや病,4375004,小児もやもや病
22,もやもや病,4375003,成人もやもや病
22,もやもや病,4375001,もやもや病
22,もやもや病,4330001,ウイリス動脈輪閉塞（症）
23,プリオン病,8846103,家族性クロイツフェルト・ヤコブ病
23,プリオン病,461004,クロイツフェルト・ヤコブ病
23,プリオン病,8846131,孤発性クロイツフェルト・ヤコブ病
23,プリオン病,8848413,プリオン病
23,プリオン病,8830171,亜急性海綿状脳症
23,プリオン病,3315001,クロイツフェルド・ヤコブ病
23,プリオン病,462006,ブリオン病
24,亜急性硬化性全脳炎,462001,亜急性硬化性全脳炎
24,亜急性硬化性全脳炎,8838239,ドーソン封入体脳炎
25,進行性多巣性白質脳症,463001,進行性多巣性白質脳症
26,HTLV-1関連脊髄症,8830102,ＨＴＬＶ−１関連脊髄症
26,HTLV-1関連脊髄症,798004,ＨＡＭ
27,特発性基底核石灰化症,8848195,家族性特発性基底核石灰化症
27,特発性基底核石灰化症,8848218,特発性基底核石灰化症
28,全身性アミロイドーシス,2773034,家族性アミロイドーシス
28,全身性アミロイドーシス,8831265,家族性アミロイドニューロパチー
28,全身性アミロイドーシス,2773011,原発性アミロイドーシス
28,全身性アミロイドーシス,2773029,原発性全身性アミロイドーシス
28,全身性アミロイドーシス,2773013,全身性アミロイドーシス
28,全身性アミロイドーシス,2773014,続発性アミロイドーシス
28,全身性アミロイドーシス,2773009,遺伝性アミロイドーシス
29,ウルリッヒ病,8848192,ウルリッヒ病
30,遠位型ミオパチー,8848193,遠位型ミオパチー
30,遠位型ミオパチー,8848197,眼咽頭遠位型ミオパチー
30,遠位型ミオパチー,8848223,縁取り空胞を伴う遠位型ミオパチー
30,遠位型ミオパチー,8848228,三好型ミオパチー
31,ベスレムミオパチー,8848226,ベスレムミオパチー
32,自己貪食空胞性ミオパチー,8848194,過剰自己貪食を伴うＸ連鎖性ミオパチー
32,自己貪食空胞性ミオパチー,8848204,自己貪食空胞性ミオパチー
32,自己貪食空胞性ミオパチー,8846187,ダノン病
33,シュワルツ・ヤンペル症候群,8841671,シュワルツ・ヤンペル症候群
33,シュワルツ・ヤンペル症候群,8838357,軟骨ジストロフィー性筋強直症
34,神経線維腫症,2377005,神経線維腫症
34,神経線維腫症,8841666,神経線維腫症１型
34,神経線維腫症,8841663,神経線維腫症２型
34,神経線維腫症,2377001,フォン・レックリングハウゼン病
34,神経線維腫症,8839170,非悪性神経線維腫症
34,神経線維腫症,2377002,レックリングハウゼン病
34,神経線維腫症,8837037,多発性神経線維腫
35,天疱瘡,7573010,家族性良性慢性天疱瘡
35,天疱瘡,8832032,眼性類天疱瘡
35,天疱瘡,6944002,紅斑性天疱瘡
35,天疱瘡,8846140,腫瘍随伴性天疱瘡
35,天疱瘡,8835053,新生児天疱瘡
35,天疱瘡,6944003,尋常性天疱瘡
35,天疱瘡,6945004,水疱性類天疱瘡
35,天疱瘡,6944005,増殖性天疱瘡
35,天疱瘡,6944006,天疱瘡
35,天疱瘡,6946007,瘢痕性類天疱瘡
35,天疱瘡,8839845,ブラジル天疱瘡
35,天疱瘡,8846218,疱疹状天疱瘡
35,天疱瘡,8846234,薬剤誘発性天疱瘡
35,天疱瘡,6944008,落葉状天疱瘡
35,天疱瘡,8841020,良性家族性天疱瘡
35,天疱瘡,8841033,良性粘膜類天疱瘡
35,天疱瘡,6945003,類天疱瘡
35,天疱瘡,8840733,薬物誘発性天疱瘡
35,天疱瘡,6944013,シネア・アッシャー症候群
35,天疱瘡,7573007,ヘイリー・ヘイリー病
36,表皮水疱症,8846098,ウェーバー・コケイン型単純性表皮水疱症
36,表皮水疱症,7098033,栄養障害型表皮水疱症
36,表皮水疱症,8846117,キンドラー症候群
36,表皮水疱症,7098008,後天性表皮水疱症
36,表皮水疱症,8836048,接合部型先天性表皮水疱症
36,表皮水疱症,7573032,先天性表皮水疱症
36,表皮水疱症,8837131,単純型表皮水疱症
36,表皮水疱症,8837473,致死型表皮水疱症
36,表皮水疱症,8846216,ヘルリッツ型接合部型表皮水疱症
36,表皮水疱症,7573090,優性栄養障害型先天性表皮水疱症
36,表皮水疱症,7573091,劣性栄養障害型先天性表皮水疱症
36,表皮水疱症,7573089,結合部型先天性表皮水疱症
36,表皮水疱症,7098032,接合部表皮水疱症
36,表皮水疱症,7573088,単純型先天性表皮水疱症
36,表皮水疱症,7098031,表皮水疱症
36,表皮水疱症,8830768,ウェーバー・コケイン症候群
36,表皮水疱症,8839993,ヘルリッツ症候群
37,膿疱性乾癬（汎発型）,8846111,急性汎発性膿疱性乾癬
37,膿疱性乾癬（汎発型）,8846144,小児汎発性膿疱性乾癬
37,膿疱性乾癬（汎発型）,8839630,フォン・ツムブッシュ病
38,スティーヴンス・ジョンソン症候群,6951003,スティーブンス・ジョンソン症候群
39,中毒性表皮壊死症,8845586,中毒性表皮壊死症
39,中毒性表皮壊死症,8837652,中毒性表皮壊死剥離症
40,高安動脈炎,8848380,高安動脈炎
40,高安動脈炎,4467001,高安病
40,高安動脈炎,4467006,脈無し病
41,巨細胞性動脈炎,4465005,側頭動脈炎
41,巨細胞性動脈炎,4465001,巨細胞動脈炎
42,結節性多発動脈炎,8833125,結節性多発動脈炎
42,結節性多発動脈炎,8846209,皮膚結節性多発動脈炎
42,結節性多発動脈炎,4460020,ＰＮ
42,結節性多発動脈炎,4460003,結節性多発性動脈炎
42,結節性多発動脈炎,4460005,結節性動脈周囲炎
42,結節性多発動脈炎,4460007,多発性動脈炎
42,結節性多発動脈炎,4460008,動脈周囲炎
43,顕微鏡的多発血管炎,8842086,顕微鏡的多発血管炎
44,多発血管炎性肉芽腫症,8848336,限局型多発血管炎性肉芽腫症
44,多発血管炎性肉芽腫症,8848338,好酸球性多発血管炎性肉芽腫症
44,多発血管炎性肉芽腫症,8848371,全身型多発血管炎性肉芽腫症
44,多発血管炎性肉芽腫症,8848381,多発血管炎性肉芽腫症
44,多発血管炎性肉芽腫症,8848382,多発血管炎性肉芽腫症性呼吸器障害
44,多発血管炎性肉芽腫症,4460001,アレルギー性肉芽腫性血管炎
44,多発血管炎性肉芽腫症,4464004,ウェゲナー肉芽腫症
44,多発血管炎性肉芽腫症,4464001,ウェジナー肉芽腫症
44,多発血管炎性肉芽腫症,8830769,ウェジナー肉芽腫症性呼吸器障害
44,多発血管炎性肉芽腫症,8846123,限局型ウェジナー肉芽腫症
44,多発血管炎性肉芽腫症,8846178,全身型ウェジナー肉芽腫症
44,多発血管炎性肉芽腫症,4460021,チャーグ・ストラウス症候群
45,好酸球性多発血管炎性肉芽腫症,8848338,好酸球性多発血管炎性肉芽腫症
45,好酸球性多発血管炎性肉芽腫症,4460001,アレルギー性肉芽腫性血管炎
45,好酸球性多発血管炎性肉芽腫症,4460021,チャーグ・ストラウス症候群
46,悪性関節リウマチ,7148003,悪性関節リウマチ
47,バージャー病,8836528,全身性閉塞性血栓血管炎
47,バージャー病,4431001,バージャー病
47,バージャー病,4431010,閉塞性血栓血管炎
47,バージャー病,4431002,ビュルガー病
48,原発性抗リン脂質抗体症候群,7100034,原発性抗リン脂質抗体症候群
49,全身性エリテマトーデス,8846167,ステロイド抵抗性全身性エリテマトーデス
49,全身性エリテマトーデス,7100011,全身性エリテマトーデス
49,全身性エリテマトーデス,8848278,全身性エリテマトーデス性間質性肺炎
49,全身性エリテマトーデス,8836513,全身性エリテマトーデス性呼吸器障害
49,全身性エリテマトーデス,8836514,全身性エリテマトーデス精神病
49,全身性エリテマトーデス,8836515,全身性エリテマトーデス性心膜炎
49,全身性エリテマトーデス,8836516,全身性エリテマトーデス性脳動脈炎
49,全身性エリテマトーデス,8841438,全身性エリテマトーデス性ミオパチー
49,全身性エリテマトーデス,8836518,全身性エリテマトーデス脊髄炎
49,全身性エリテマトーデス,8836519,全身性エリテマトーデス脳炎
49,全身性エリテマトーデス,8836520,全身性エリテマトーデス脳脊髄炎
49,全身性エリテマトーデス,7100002,ＳＬＥ
49,全身性エリテマトーデス,7100012,全身性紅斑性狼瘡
49,全身性エリテマトーデス,7100021,播種性エリテマトーデス
49,全身性エリテマトーデス,7100014,播種性紅斑性狼瘡
49,全身性エリテマトーデス,7100024,びまん性紅斑性狼瘡
49,全身性エリテマトーデス,170018,狼瘡
50,皮膚筋炎／多発性筋炎,7103002,悪性腫瘍合併皮膚筋炎
50,皮膚筋炎／多発性筋炎,8835260,若年性皮膚筋炎
50,皮膚筋炎／多発性筋炎,8848267,若年性皮膚筋炎性間質性肺炎
50,皮膚筋炎／多発性筋炎,7104004,多発性筋炎
50,皮膚筋炎／多発性筋炎,8848283,多発性筋炎性間質性肺炎
50,皮膚筋炎／多発性筋炎,8837013,多発性筋炎性呼吸器障害
50,皮膚筋炎／多発性筋炎,7103007,皮膚筋炎
50,皮膚筋炎／多発性筋炎,8848302,皮膚筋炎性間質性肺炎
50,皮膚筋炎／多発性筋炎,8839362,皮膚筋炎性呼吸器障害
50,皮膚筋炎／多発性筋炎,8844585,皮膚筋炎母体より出生した児
50,皮膚筋炎／多発性筋炎,8848307,無筋症性皮膚筋炎
50,皮膚筋炎／多発性筋炎,7103006,定型的皮膚筋炎
51,全身性強皮症,7101012,全身性強皮症
51,全身性強皮症,8844510,全身性強皮症性呼吸器障害
51,全身性強皮症,7101032,ＰＳＳ
51,全身性強皮症,7101030,進行性全身硬化症
51,全身性強皮症,7101008,進行性全身性硬化症
51,全身性強皮症,7101013,全身性硬化症
51,全身性強皮症,8836521,全身性硬化症性呼吸器障害
51,全身性強皮症,7101033,全身性進行性強皮症
51,全身性強皮症,8836524,全身性進行性硬化症
51,全身性強皮症,7101031,全身性進行性硬皮症
52,混合性結合組織病,7109008,混合性結合組織病
52,混合性結合組織病,7109007,ＭＣＴＤ
52,混合性結合組織病,7109006,混合型結合織病
53,シェーグレン症候群,8848230,一次性シェーグレン症候群
53,シェーグレン症候群,7102001,シェーグレン症候群
53,シェーグレン症候群,8834158,シェーグレン症候群性呼吸器障害
53,シェーグレン症候群,8841440,シェーグレン症候群ミオパチー
53,シェーグレン症候群,8848298,二次性シェーグレン症候群
53,シェーグレン症候群,8841419,マリネスコ・シェーグレン症候群
54,成人スチル病,8842190,成人スチル病
54,成人スチル病,7143010,成人型スチル病
55,再発性多発軟骨炎,8833968,再発性多発軟骨炎
56,ベーチェット病,1361011,外陰ベーチェット病
56,ベーチェット病,8845881,眼ベーチェット病
56,ベーチェット病,1361009,血管ベーチェット病
56,ベーチェット病,1361010,口腔ベーチェット病
56,ベーチェット病,1361005,神経ベーチェット病
56,ベーチェット病,8842203,腸管ベーチェット病
56,ベーチェット病,8846052,不全型ベーチェット病
56,ベーチェット病,1361002,ベーチェット病
56,ベーチェット病,1361007,腸型ベーチェット病
56,ベーチェット病,1361004,血管ベーチェット症
56,ベーチェット病,1361006,神経ベーチェット症候群
56,ベーチェット病,1361008,不全型ベーチェット症候群
56,ベーチェット病,1361001,ベーチェット症候群
57,特発性拡張型心筋症,4254028,特発性拡張型心筋症
57,特発性拡張型心筋症,4254026,ＤＣＭ
57,特発性拡張型心筋症,4254001,うっ血型心筋症
57,特発性拡張型心筋症,4254024,拡張型心筋症
58,肥大型心筋症,8846101,拡張相肥大型心筋症
58,肥大型心筋症,8846150,心尖部肥大型心筋症
58,肥大型心筋症,4254015,肥大型心筋症
58,肥大型心筋症,4254018,非閉塞性肥大型心筋症
58,肥大型心筋症,4251008,閉塞性肥大型心筋症
58,肥大型心筋症,4251009,特発性肥大型心筋症
58,肥大型心筋症,4254025,ＨＣＭ
58,肥大型心筋症,4254027,ＨＯＣＭ
58,肥大型心筋症,4251014,特発性肥厚性大動脈弁下部狭窄症
58,肥大型心筋症,4251010,特発性肥大型大動脈弁下狭窄症
58,肥大型心筋症,4254016,肥大型非閉塞性心筋症
58,肥大型心筋症,4251006,肥大型閉塞型心筋症
58,肥大型心筋症,8839310,肥大性大動脈弁下狭窄症
59,拘束型心筋症,8833543,拘束型心筋症
59,拘束型心筋症,8846192,特発性拘束型心筋症
60,再生不良性貧血,8831483,肝炎後再生不良性貧血
60,再生不良性貧血,8846120,軽症再生不良性貧血
60,再生不良性貧血,8846136,最重症再生不良性貧血
60,再生不良性貧血,2849003,再生不良性貧血
60,再生不良性貧血,8846160,重症再生不良性貧血
60,再生不良性貧血,2840007,先天性再生不良性貧血
60,再生不良性貧血,8836888,体質性再生不良性貧血
60,再生不良性貧血,8846189,中等症再生不良性貧血
60,再生不良性貧血,8838181,特発性再生不良性貧血
60,再生不良性貧血,8838399,二次性再生不良性貧血
60,再生不良性貧血,8840110,本態性再生不良性貧血
60,再生不良性貧血,8840706,薬剤性再生不良性貧血
61,自己免疫性溶血性貧血,8831012,温式自己免疫性溶血性貧血
61,自己免疫性溶血性貧血,2830009,寒冷凝集素症
61,自己免疫性溶血性貧血,2830003,自己免疫性溶血性貧血
61,自己免疫性溶血性貧血,8839277,非自己免疫性溶血性貧血
61,自己免疫性溶血性貧血,8840090,発作性寒冷ヘモグロビン尿症
61,自己免疫性溶血性貧血,8840707,薬剤性自己免疫性溶血性貧血
61,自己免疫性溶血性貧血,2830012,寒冷凝集素症候群
61,自己免疫性溶血性貧血,2830001,寒冷凝集素病
61,自己免疫性溶血性貧血,7912004,発作性ヘモグロビン尿症
62,発作性夜間ヘモグロビン尿症,8840095,発作性夜間ヘモグロビン尿症
62,発作性夜間ヘモグロビン尿症,2832007,発作性夜間血色素尿症
62,発作性夜間ヘモグロビン尿症,3418008,マルキアファーヴァ・ミケリ症候群
63,特発性血小板減少性紫斑病,8846110,急性特発性血小板減少性紫斑病
63,特発性血小板減少性紫斑病,2873013,特発性血小板減少性紫斑病
63,特発性血小板減少性紫斑病,8848090,特発性血小板減少性紫斑病合併妊娠
63,特発性血小板減少性紫斑病,8846222,慢性特発性血小板減少性紫斑病
63,特発性血小板減少性紫斑病,2873001,ＩＴＰ
63,特発性血小板減少性紫斑病,2873023,ウェルホーフ氏紫斑病
63,特発性血小板減少性紫斑病,2870010,ウェルホーフ紫斑病
63,特発性血小板減少性紫斑病,2873024,ウェルホーフ氏病
63,特発性血小板減少性紫斑病,2873002,ウェルホーフ病
64,血栓性血小板減少性紫斑病,4466002,血栓性血小板減少性紫斑病
64,血栓性血小板減少性紫斑病,8849965,後天性血栓性血小板減少性紫斑病
64,血栓性血小板減少性紫斑病,8847881,先天性血栓性血小板減少性紫斑病
65,原発性免疫不全症候群,8846236,２２ｑ１１．２欠失症候群
65,原発性免疫不全症候群,8849561,ＣＤ８欠損症
65,原発性免疫不全症候群,8849571,ＩＣＦ症候群
65,原発性免疫不全症候群,8849700,ＩＰＥＸ症候群
65,原発性免疫不全症候群,8849572,ＩＲＡＫ４欠損症
65,原発性免疫不全症候群,8846077,ＩｇＧサブクラス欠損症
65,原発性免疫不全症候群,8846082,ＭＨＣクラスＩ・ＩＩ欠損症
65,原発性免疫不全症候群,8846081,ＭＨＣクラスＩ欠損症
65,原発性免疫不全症候群,8846083,ＭＨＣクラスＩＩ欠損症
65,原発性免疫不全症候群,8849573,ＭｙＤ８８欠損症
65,原発性免疫不全症候群,8849575,ＰＭＳ２異常症
65,原発性免疫不全症候群,8849576,ＲＩＤＤＬＥ症候群
65,原発性免疫不全症候群,8846086,Ｘ連鎖高ＩｇＭ症候群
65,原発性免疫不全症候群,8846087,Ｘ連鎖重症複合免疫不全症
65,原発性免疫不全症候群,8846088,Ｘ連鎖無ガンマグロブリン血症
65,原発性免疫不全症候群,8846089,Ｘ連鎖リンパ増殖症候群
65,原発性免疫不全症候群,8846090,ＺＡＰ−７０欠損症
65,原発性免疫不全症候群,8846097,遺伝性血管性浮腫
65,原発性免疫不全症候群,2791001,ウィスコット・オルドリッチ症候群
65,原発性免疫不全症候群,8846099,オーメン症候群
65,原発性免疫不全症候群,8849735,肝中心静脈閉鎖症を伴う免疫不全症
65,原発性免疫不全症候群,2793012,原発性免疫不全症候群
65,原発性免疫不全症候群,8833327,高ＩｇＥ症候群
65,原発性免疫不全症候群,8833328,高ＩｇＭ症候群
65,原発性免疫不全症候群,8849630,細網異形成症
65,原発性免疫不全症候群,8849634,シムケ症候群
65,原発性免疫不全症候群,8834539,周期性好中球減少症
65,原発性免疫不全症候群,8849982,シュワッハマン・ダイアモンド症候群
65,原発性免疫不全症候群,8849640,自己免疫性リンパ増殖症候群
65,原発性免疫不全症候群,8846162,重症先天性好中球減少症
65,原発性免疫不全症候群,2792002,重症複合免疫不全症
65,原発性免疫不全症候群,8849802,先天性補体欠損症
65,原発性免疫不全症候群,8837461,チェディアック・東症候群
65,原発性免疫不全症候群,8837955,デイジョージ症候群
65,原発性免疫不全症候群,8849665,特異抗体産生不全症
65,原発性免疫不全症候群,8846196,ナイミーヘン染色体不安定症候群
65,原発性免疫不全症候群,2790021,乳児一過性低ガンマグロブリン血症
65,原発性免疫不全症候群,8845593,ネザートン症候群
65,原発性免疫不全症候群,8846207,白血球接着不全症
65,原発性免疫不全症候群,8844103,ブルーム症候群
65,原発性免疫不全症候群,2799003,分類不能型免疫不全症
65,原発性免疫不全症候群,8840379,慢性肉芽腫症
65,原発性免疫不全症候群,1129006,慢性皮膚粘膜カンジダ症
65,原発性免疫不全症候群,8840420,ミエロペルオキシダーゼ欠損症
65,原発性免疫不全症候群,8849844,免疫不全を伴う無汗性外胚葉形成異常症
65,原発性免疫不全症候群,8849688,メンデル遺伝型マイコバクテリア易感染症
65,原発性免疫不全症候群,3348008,毛細血管拡張性運動失調症
65,原発性免疫不全症候群,3348002,遺伝性毛細血管拡張性運動失調症
65,原発性免疫不全症候群,2792009,ＳＣＩＤ
65,原発性免疫不全症候群,8830569,遺伝性血管神経性浮腫
65,原発性免疫不全症候群,8832533,胸腺性リンパ球無形成症
65,原発性免疫不全症候群,2798002,原発性補体欠損症
65,原発性免疫不全症候群,8833322,原発性リンパ球減少性免疫不全症
65,原発性免疫不全症候群,8834666,主要組織適合遺伝子複合体クラスＩ欠乏症
65,原発性免疫不全症候群,8834667,主要組織適合遺伝子複合体クラスＩＩ欠乏症
65,原発性免疫不全症候群,8846142,シュワックマン症候群
65,原発性免疫不全症候群,2792008,重症複合型免疫不全症
65,原発性免疫不全症候群,8836122,選択的ＩｇＧサブクラス欠乏症
65,原発性免疫不全症候群,2882001,チェディアック・ヒガシ症候群
65,原発性免疫不全症候群,2791002,ディジョージ症候群
65,原発性免疫不全症候群,2791006,デイゲオルゲ症候群
65,原発性免疫不全症候群,8838953,白血球接着欠陥症
65,原発性免疫不全症候群,2790016,伴性無ガンマグロブリン血症
65,原発性免疫不全症候群,8839149,伴性リンパ組織増殖性疾患
65,原発性免疫不全症候群,2790017,ブルートン型無ガンマグロブリン血症
65,原発性免疫不全症候群,8839852,ブルトン型無ガンマグロブリン血症
65,原発性免疫不全症候群,8839853,ブルム症候群
65,原発性免疫不全症候群,3348006,末梢血管拡張性運動失調症
65,原発性免疫不全症候群,6861019,慢性肉芽腫（症）
65,原発性免疫不全症候群,2791010,毛細血管拡張性失調症
66,IgＡ 腎症,5831001,ＩｇＡ腎症
67,多発性嚢胞腎,7531013,多嚢胞腎
67,多発性嚢胞腎,5902006,多発性嚢胞腎
67,多発性嚢胞腎,7531010,嚢胞腎
67,多発性嚢胞腎,8849036,多のう胞性異形成腎
67,多発性嚢胞腎,8837063,多発性のう胞腎
68,黄色靱帯骨化症,7248001,黄色靱帯骨化症
68,黄色靱帯骨化症,7237002,胸椎黄色靱帯骨化症
68,黄色靱帯骨化症,8850154,胸腰椎黄色靱帯骨化症
68,黄色靱帯骨化症,7238009,頚椎黄色靱帯骨化症
68,黄色靱帯骨化症,8846065,腰椎黄色靱帯骨化症
69,後縦靱帯骨化症,7237003,胸椎後縦靱帯骨化症
69,後縦靱帯骨化症,8850155,胸腰椎後縦靱帯骨化症
69,後縦靱帯骨化症,7237009,頚椎後縦靱帯骨化症
69,後縦靱帯骨化症,8833497,後縦靱帯骨化症
69,後縦靱帯骨化症,7248007,腰椎後縦靱帯骨化症
69,後縦靱帯骨化症,7248004,胸部後縦靱帯骨化症
69,後縦靱帯骨化症,7237007,脊髄後縦靱帯骨化症
69,後縦靱帯骨化症,7248013,多発性後縦靱帯骨化症
69,後縦靱帯骨化症,7281005,腰部後縦靱帯骨化症
69,後縦靱帯骨化症,7248017,ＯＰＬＬ
69,後縦靱帯骨化症,7237011,頚椎部縦靱帯骨化症
69,後縦靱帯骨化症,7237012,頚部後靱帯骨化症
69,後縦靱帯骨化症,7248005,後縦靱帯骨化（症）
70,広範脊柱管狭窄症,7249020,広範脊柱管狭窄症
71,特発性大腿骨頭壊死症,8838193,特発性大腿骨頭壊死
71,特発性大腿骨頭壊死症,7334012,特発性大腿骨頭壊死（症）
71,特発性大腿骨頭壊死症,7334005,大腿骨骨頭特発性壊死
71,特発性大腿骨頭壊死症,7334006,大腿骨骨頭特発性無腐性壊死
72,下垂体性ADH分泌異常症,8846104,家族性中枢性尿崩症
72,下垂体性ADH分泌異常症,8848196,完全型中枢性尿崩症
72,下垂体性ADH分泌異常症,8848728,術後中枢性尿崩症
72,下垂体性ADH分泌異常症,8846185,続発性中枢性尿崩症
72,下垂体性ADH分泌異常症,2535006,中枢性尿崩症
72,下垂体性ADH分泌異常症,8846194,特発性中枢性尿崩症
72,下垂体性ADH分泌異常症,8848224,部分型中枢性尿崩症
72,下垂体性ADH分泌異常症,2535002,真性尿崩症
72,下垂体性ADH分泌異常症,2535003,特発性尿崩症
73,下垂体性TSH分泌亢進症,8845862,下垂体性ＴＳＨ分泌亢進症
74,下垂体性PRL分泌亢進症,8849734,下垂体性プロラクチン分泌亢進症
75,クッシング病,2550002,クッシング病
75,クッシング病,8850649,サブクリニカルクッシング病
75,クッシング病,8831245,下垂体依存性クッシング病
75,クッシング病,2273021,ＡＣＴＨ産生下垂体腺腫
76,下垂体性ゴナドトロピン分泌亢進症,8837606,中枢性思春期早発症
76,下垂体性ゴナドトロピン分泌亢進症,8849814,特発性中枢性思春期早発症
76,下垂体性ゴナドトロピン分泌亢進症,8837598,中枢性早熟
76,下垂体性ゴナドトロピン分泌亢進症,8837609,中枢性特発性早熟
77,下垂体性成長ホルモン分泌亢進症,8849733,下垂体性成長ホルモン分泌亢進症
78,下垂体前葉機能低下症,8846054,プロラクチン分泌低下症
78,下垂体前葉機能低下症,2532009,下垂体前葉機能低下症
78,下垂体前葉機能低下症,8831247,下垂体機能低下症
79,家族性高コレステロール血症（ホモ接合体）,8845524,家族性高コレステロール血症・ホモ接合体
80,甲状腺ホルモン不応症,2449035,甲状腺ホルモン不応症
80,甲状腺ホルモン不応症,8841172,レフェトフ症候群
81,先天性副腎皮質酵素欠損症,8848176,１１β−水酸化酵素欠損症
81,先天性副腎皮質酵素欠損症,8848177,１７α−水酸化酵素欠損症
81,先天性副腎皮質酵素欠損症,8848311,２１−水酸化酵素欠損症
81,先天性副腎皮質酵素欠損症,8848179,３β−水酸化ステロイド脱水素酵素欠損症
81,先天性副腎皮質酵素欠損症,8848188,Ｐ４５０オキシドレダクターゼ欠損症
81,先天性副腎皮質酵素欠損症,2552014,２１ハイドロキシラーゼ欠損症
82,先天性副腎低形成症,8848186,ＤＡＸ−１異常症
82,先天性副腎低形成症,8848187,ＩＭＡｇｅ症候群
82,先天性副腎低形成症,8848189,ＳＦ−１異常症
82,先天性副腎低形成症,8849801,先天性副腎低形成症
82,先天性副腎低形成症,8839701,副腎皮質形成不全
83,アジソン病,2554005,アジソン病
83,アジソン病,8833034,結核性アジソン病
83,アジソン病,8848211,多腺性自己免疫症候群１型
83,アジソン病,8848212,多腺性自己免疫症候群２型
83,アジソン病,8848213,多腺性自己免疫症候群３型
83,アジソン病,8848217,特発性アジソン病
83,アジソン病,3489047,シュミット症候群
84,サルコイドーシス,8846095,胃サルコイドーシス
84,サルコイドーシス,1359007,肝サルコイドーシス
84,サルコイドーシス,1359008,眼サルコイドーシス
84,サルコイドーシス,8846116,筋サルコイドーシス
84,サルコイドーシス,8846129,骨サルコイドーシス
84,サルコイドーシス,1359002,サルコイドーシス
84,サルコイドーシス,8834028,サルコイドーシス性虹彩毛様体炎
84,サルコイドーシス,1359003,サルコイドーシス性ぶどう膜炎
84,サルコイドーシス,8846141,腫瘤型筋サルコイドーシス
84,サルコイドーシス,8846148,神経サルコイドーシス
84,サルコイドーシス,1359009,心サルコイドーシス
84,サルコイドーシス,8846166,腎サルコイドーシス
84,サルコイドーシス,8838829,肺サルコイドーシス
84,サルコイドーシス,8839374,皮膚サルコイドーシス
84,サルコイドーシス,8846210,鼻腔サルコイドーシス
84,サルコイドーシス,8841116,リンパ節サルコイドーシス
84,サルコイドーシス,8834027,サルコイドーシス性肝肉芽腫
84,サルコイドーシス,8834029,サルコイドーシスにおける多発性脳神経麻痺
84,サルコイドーシス,1359010,心筋サルコイドーシス
84,サルコイドーシス,1359012,頭蓋内サルコイドーシス
84,サルコイドーシス,1359017,肺型サルコイドーシス
84,サルコイドーシス,1350003,サルコイド
84,サルコイドーシス,1359013,肺型サルコイド症
84,サルコイドーシス,1359015,ベックサルコイド
84,サルコイドーシス,1359016,ベック疾患
84,サルコイドーシス,1359014,類肉腫症
85,特発性間質性肺炎,1363003,急性間質性肺炎
85,特発性間質性肺炎,5168009,特発性間質性肺炎
85,特発性間質性肺炎,8845714,特発性器質化肺炎
85,特発性間質性肺炎,5163005,特発性肺線維症
85,特発性間質性肺炎,8850547,特発性非特異性間質性肺炎
85,特発性間質性肺炎,8845719,剥離性間質性肺炎
85,特発性間質性肺炎,8845727,非特異性間質性肺炎
85,特発性間質性肺炎,4912007,ＢＯＯＰ
85,特発性間質性肺炎,5171013,ＩＩＰ
85,特発性間質性肺炎,5088002,器質化肺炎
85,特発性間質性肺炎,8832435,急性びまん性間質性肺炎
85,特発性間質性肺炎,8838192,特発性線維化性肺胞炎
85,特発性間質性肺炎,8839050,ハンマン・リッチ症候群
85,特発性間質性肺炎,5150013,慢性間質性肺炎
86,肺動脈性肺高血圧症,8846195,特発性肺動脈性肺高血圧症
86,肺動脈性肺高血圧症,8844804,肺動脈性肺高血圧症
86,肺動脈性肺高血圧症,8830157,アイエルザ症候群
86,肺動脈性肺高血圧症,4160003,原発性肺高血圧症
87,肺静脈閉塞症／肺毛細血管腫症,8845466,肺静脈閉塞症
87,肺静脈閉塞症／肺毛細血管腫症,8846206,肺毛細血管腫症
88,慢性血栓塞栓性肺高血圧症,8841669,慢性血栓塞栓性肺高血圧症
89,リンパ脈管筋腫症,8843635,リンパ脈管筋腫症
89,リンパ脈管筋腫症,8842112,リンパ管平滑筋腫症
90,網膜色素変性症,8835687,錐体杆体ジストロフィー
90,網膜色素変性症,8840630,網膜色素変性症
90,網膜色素変性症,8842213,網膜色素変性
91,バッド・キアリ症候群,8839103,バッド・キアリ症候群
91,バッド・キアリ症候群,4530001,バッド・キアリー症候群
92,特発性門脈圧亢進症,5723004,特発性門脈圧亢進症
92,特発性門脈圧亢進症,5715002,バンチ症候群
93,原発性胆汁性胆管炎,8849023,原発性胆汁性胆管炎
93,原発性胆汁性胆管炎,8849297,原発性胆汁性胆管炎に伴う食道静脈瘤
93,原発性胆汁性胆管炎,8849298,原発性胆汁性胆管炎に伴う食道静脈瘤出血
93,原発性胆汁性胆管炎,8849027,症候性原発性胆汁性胆管炎
93,原発性胆汁性胆管炎,8849051,無症候性原発性胆汁性胆管炎
93,原発性胆汁性胆管炎,8840388,慢性非化膿性破壊性胆管炎
94,原発性硬化性胆管炎,5761008,原発性硬化性胆管炎
95,自己免疫性肝炎,5733008,自己免疫性肝炎
95,自己免疫性肝炎,8848268,重症自己免疫性肝炎
96,クローン病,8846094,胃クローン病
96,クローン病,8846096,胃十二指腸クローン病
96,クローン病,8831033,回腸クローン病
96,クローン病,8832789,空腸クローン病
96,クローン病,5559001,クローン病
96,クローン病,8850158,クローン病性関節炎
96,クローン病,8832850,クローン病性若年性関節炎
96,クローン病,8832851,クローン病によるビタミンＢ１２欠乏性貧血
96,クローン病,8846128,肛門クローン病
96,クローン病,5550004,小腸クローン病
96,クローン病,8843906,小腸大腸クローン病
96,クローン病,5550006,十二指腸クローン病
96,クローン病,8844993,ステロイド依存性クローン病
96,クローン病,5551003,大腸クローン病
96,クローン病,8846188,虫垂クローン病
96,クローン病,8837780,直腸クローン病
96,クローン病,5559003,小腸・大腸クローン病
96,クローン病,5550002,回腸末端炎
96,クローン病,5550003,限局性回腸炎
96,クローン病,5551002,限局性大腸炎
96,クローン病,5551005,限局性腸炎
96,クローン病,5551011,終末回腸炎
96,クローン病,5551009,肉芽腫性大腸炎
97,潰瘍性大腸炎,5569003,潰瘍性大腸炎
97,潰瘍性大腸炎,8845754,潰瘍性大腸炎・左側大腸炎型
97,潰瘍性大腸炎,8845755,潰瘍性大腸炎・全大腸炎型
97,潰瘍性大腸炎,8845756,潰瘍性大腸炎・直腸Ｓ状結腸炎型
97,潰瘍性大腸炎,8845757,潰瘍性大腸炎・直腸炎型
97,潰瘍性大腸炎,8845758,潰瘍性大腸炎合併妊娠
97,潰瘍性大腸炎,8845759,潰瘍性大腸炎再燃
97,潰瘍性大腸炎,8845760,潰瘍性大腸炎術後
97,潰瘍性大腸炎,8850127,潰瘍性大腸炎性関節炎
97,潰瘍性大腸炎,8831064,潰瘍性大腸炎性若年性関節炎
97,潰瘍性大腸炎,8845766,活動期潰瘍性大腸炎
97,潰瘍性大腸炎,8845767,緩解期潰瘍性大腸炎
97,潰瘍性大腸炎,91015,急性潰瘍性大腸炎
97,潰瘍性大腸炎,8845772,急性激症型潰瘍性大腸炎
97,潰瘍性大腸炎,8845779,軽症潰瘍性大腸炎
97,潰瘍性大腸炎,8845782,劇症型潰瘍性大腸炎
97,潰瘍性大腸炎,8845785,再燃緩解型潰瘍性大腸炎
97,潰瘍性大腸炎,8845793,初回発作型潰瘍性大腸炎
97,潰瘍性大腸炎,8845798,重症潰瘍性大腸炎
97,潰瘍性大腸炎,8844992,ステロイド依存性潰瘍性大腸炎
97,潰瘍性大腸炎,8845810,ステロイド抵抗性潰瘍性大腸炎
97,潰瘍性大腸炎,8845816,中等症潰瘍性大腸炎
97,潰瘍性大腸炎,8845833,慢性持続型潰瘍性大腸炎
97,潰瘍性大腸炎,8834890,心因性潰瘍性大腸炎
97,潰瘍性大腸炎,8831062,潰瘍性全腸炎
97,潰瘍性大腸炎,8831065,潰瘍性直腸Ｓ状結腸炎
97,潰瘍性大腸炎,8831066,潰瘍性直腸炎
98,好酸球性消化管疾患,8833448,好酸球性胃腸炎
98,好酸球性消化管疾患,8847750,好酸球性食道炎
99,慢性特発性偽性腸閉塞症,8848227,慢性特発性偽性腸閉塞症
100,巨大膀胱短小結腸腸管蠕動不全症,8848199,巨大膀胱短小結腸腸管蠕動不全症
101,腸管神経節細胞僅少症,8848216,腸管神経節細胞僅少症
102,ルビンシュタイン・テイビ症候群,8837881,テイビ症候群
103,CFC症候群,8848183,ＣＦＣ症候群
104,コステロ症候群,8845927,コステロ症候群
105,チャージ症候群,8845627,ＣＨＡＲＧＥ症候群
106,クリオピリン関連周期熱症候群,8848332,クリオピリン関連周期熱症候群
106,クリオピリン関連周期熱症候群,8847034,新生児期発症多臓器系炎症性疾患
106,クリオピリン関連周期熱症候群,8847008,クリオピリン関連周期性症候群
107,若年性特発性関節炎,8845118,関節型若年性特発性関節炎
107,若年性特発性関節炎,8848851,関節型若年性特発性関節炎・肩関節
107,若年性特発性関節炎,8848852,関節型若年性特発性関節炎・股関節
107,若年性特発性関節炎,8848853,関節型若年性特発性関節炎・指関節
107,若年性特発性関節炎,8848854,関節型若年性特発性関節炎・趾関節
107,若年性特発性関節炎,8848855,関節型若年性特発性関節炎・膝関節
107,若年性特発性関節炎,8848856,関節型若年性特発性関節炎・手関節
107,若年性特発性関節炎,8848857,関節型若年性特発性関節炎・足関節
107,若年性特発性関節炎,8848858,関節型若年性特発性関節炎・多関節
107,若年性特発性関節炎,8848859,関節型若年性特発性関節炎・肘関節
107,若年性特発性関節炎,8844742,若年性特発性関節炎
107,若年性特発性関節炎,8848913,若年性特発性関節炎・肩関節
107,若年性特発性関節炎,8848914,若年性特発性関節炎・股関節
107,若年性特発性関節炎,8848916,若年性特発性関節炎・趾関節
107,若年性特発性関節炎,8848915,若年性特発性関節炎・指関節
107,若年性特発性関節炎,8848917,若年性特発性関節炎・膝関節
107,若年性特発性関節炎,8848918,若年性特発性関節炎・手関節
107,若年性特発性関節炎,8848919,若年性特発性関節炎・足関節
107,若年性特発性関節炎,8848920,若年性特発性関節炎・多関節
107,若年性特発性関節炎,8848921,若年性特発性関節炎・肘関節
107,若年性特発性関節炎,8845133,全身型若年性特発性関節炎
107,若年性特発性関節炎,8848929,全身型若年性特発性関節炎・肩関節
107,若年性特発性関節炎,8848930,全身型若年性特発性関節炎・股関節
107,若年性特発性関節炎,8848931,全身型若年性特発性関節炎・指関節
107,若年性特発性関節炎,8848932,全身型若年性特発性関節炎・趾関節
107,若年性特発性関節炎,8848933,全身型若年性特発性関節炎・膝関節
107,若年性特発性関節炎,8848934,全身型若年性特発性関節炎・手関節
107,若年性特発性関節炎,8848935,全身型若年性特発性関節炎・足関節
107,若年性特発性関節炎,8848936,全身型若年性特発性関節炎・多関節
107,若年性特発性関節炎,8848937,全身型若年性特発性関節炎・肘関節
108,TNF受容体関連周期性症候群,8848190,ＴＮＦ受容体関連周期性症候群
109,非典型溶血性尿毒症症候群,8847900,非典型溶血性尿毒症症候群
110,ブラウ症候群,8848225,ブラウ症候群
111,先天性ミオパチー,8841426,先天性ミオパチー
111,先天性ミオパチー,8836400,セントラルコア病
111,先天性ミオパチー,8841425,ネマリンミオパチー
111,先天性ミオパチー,8850092,ミニコア病
111,先天性ミオパチー,8839469,微小コア疾患
112,マリネスコ・シェーグレン症候群,8841419,マリネスコ・シェーグレン症候群
113,筋ジストロフィー,8848462,ウォーカー・ワールブルグ症候群
113,筋ジストロフィー,8848466,エメリー・ドレイフス型筋ジストロフィー
113,筋ジストロフィー,3591008,遠位型筋ジストロフィー
113,筋ジストロフィー,8848484,眼咽頭筋型筋ジストロフィー
113,筋ジストロフィー,3591011,顔面肩甲上腕型筋ジストロフィー
113,筋ジストロフィー,3592016,筋強直性ジストロフィー
113,筋ジストロフィー,3591020,筋ジストロフィー
113,筋ジストロフィー,8844958,偽肥大性筋ジストロフィー
113,筋ジストロフィー,8841416,肢帯型筋ジストロフィー
113,筋ジストロフィー,8834778,小児型筋ジストロフィー
113,筋ジストロフィー,8834967,進行性筋ジストロフィー
113,筋ジストロフィー,8848569,女性ジストロフィン異常症
113,筋ジストロフィー,8835881,成人偽肥大性筋ジストロフィー
113,筋ジストロフィー,8836190,先天性筋ジストロフィー
113,筋ジストロフィー,3591004,デュシェンヌ型筋ジストロフィー
113,筋ジストロフィー,8839768,福山型先天性筋ジストロフィー
113,筋ジストロフィー,3591001,ベッカー型筋ジストロフィー
113,筋ジストロフィー,8849480,三好型筋ジストロフィー
113,筋ジストロフィー,8849843,メロシン欠損型先天性筋ジストロフィー
113,筋ジストロフィー,3591007,遺伝性進行性筋ジストロフィー
113,筋ジストロフィー,8831261,仮性肥大性筋ジストロフィー
113,筋ジストロフィー,8831945,眼筋咽頭型筋ジストロフィー
113,筋ジストロフィー,8831946,眼筋型筋ジストロフィー
113,筋ジストロフィー,3591015,進行性筋ジストロフィー（症）
113,筋ジストロフィー,3590004,先天性遺伝性筋ジストロフィー
113,筋ジストロフィー,3590006,先天性筋ジストロフィー（症）
113,筋ジストロフィー,8832723,筋緊張性ジストロフィー
113,筋ジストロフィー,3592008,筋緊張性ジストロフィー（症）
113,筋ジストロフィー,3592002,シュタイネルト病
114,非ジストロフィー性ミオトニー症候群,8848638,トムゼン病
114,非ジストロフィー性ミオトニー症候群,8848658,非ジストロフィー性ミオトニー症候群
114,非ジストロフィー性ミオトニー症候群,8840028,ベッカー病
115,遺伝性周期性四肢麻痺,3593003,家族性周期性四肢麻痺
115,遺伝性周期性四肢麻痺,3593005,高カリウム性家族性周期性麻痺
115,遺伝性周期性四肢麻痺,3593007,低カリウム性家族性周期性麻痺
115,遺伝性周期性四肢麻痺,8831683,カヴァレ疾患
116,アトピー性脊髄炎,8848448,アトピー性脊髄炎
117,脊髄空洞症,3360003,脊髄空洞症
117,脊髄空洞症,3360004,脊椎空洞症
117,脊髄空洞症,3360007,先天性脊椎空洞症
118,脊髄髄膜瘤,7419003,脊髄髄膜瘤
118,脊髄髄膜瘤,8835998,脊髄披裂
118,脊髄髄膜瘤,8836003,脊髄瘤
118,脊髄髄膜瘤,7419024,脊髄髄膜嚢瘤
118,脊髄髄膜瘤,7419025,脊椎髄膜瘤
119,アイザックス症候群,8830158,アイザックス症候群
119,アイザックス症候群,3589013,神経性筋緊張病
120,遺伝性ジストニア,8848454,遺伝性ジストニア
120,遺伝性ジストニア,8849760,小児交互性片麻痺
120,遺伝性ジストニア,8848552,神経フェリチン症
120,遺伝性ジストニア,8842320,瀬川病
120,遺伝性ジストニア,8848644,乳児神経軸索ジストロフィー
120,遺伝性ジストニア,8848407,パントテン酸キナーゼ関連神経変性症
120,遺伝性ジストニア,8840491,無セルロプラスミン血症
120,遺伝性ジストニア,2751014,セルロプラスミン欠乏症
120,遺伝性ジストニア,8838986,ハラーフォルデン・シュパッツ病
121,神経フェリチン症,8848552,神経フェリチン症
122,脳表ヘモジデリン沈着症,8848652,脳表ヘモジデリン沈着症
123,禿頭と変形性脊椎症を伴う常染色体劣性白質脳症,8847913,ＣＡＲＡＳＩＬ
124,皮質下梗塞と白質脳症を伴う常染色体優性脳動脈症,8847912,ＣＡＤＡＳＩＬ
125,神経軸索スフェロイド形成を伴う遺伝性びまん性白質脳症,8848436,ＨＤＬＳ
126,ペリー症候群,8848668,ペリー症候群
127,前頭側頭葉変性症,8848596,前頭側頭葉変性症
128,ビッカースタッフ脳幹脳炎,8848661,ビッカースタッフ脳幹脳炎
129,痙攣重積型（二相性）急性脳症,8848705,痙攣重積型急性脳症
130,先天性無痛無汗症,8847711,先天性無痛無汗症
131,アレキサンダー病,3300016,アレキサンダー病
132,先天性核上性球麻痺,8849541,先天性核上性球麻痺
133,メビウス症候群,8840547,メビウス症候群
134,中隔視神経形成異常症/ドモルシア症候群,8845421,中隔視神経形成異常症
134,中隔視神経形成異常症/ドモルシア症候群,8834338,視神経中隔形成異常
135,アイカルディ症候群,8830323,アイカルディ症候群
136,片側巨脳症,8846338,片側巨脳症
137,限局性皮質異形成,8849527,限局性皮質異形成
138,神経細胞移動異常症,7424016,異所性灰白質
138,神経細胞移動異常症,8833654,厚脳回症
138,神経細胞移動異常症,7424001,孔脳症
138,神経細胞移動異常症,8848604,多小脳回
138,神経細胞移動異常症,8848657,皮質下帯状異所性灰白質
138,神経細胞移動異常症,8844328,ミラー・ディカー症候群
138,神経細胞移動異常症,8840501,無脳回症
138,神経細胞移動異常症,8841168,裂脳症
139,先天性大脳白質形成不全症,8848425,１８ｑ欠失症候群
139,先天性大脳白質形成不全症,8848444,Ｓ状結腸型ヒルシュスプルング病
139,先天性大脳白質形成不全症,8848485,基底核および小脳萎縮を伴う髄鞘形成不全症
139,先天性大脳白質形成不全症,8848532,左右結腸型ヒルシュスプルング病
139,先天性大脳白質形成不全症,8846137,サラ病
139,先天性大脳白質形成不全症,8848545,小腸型ヒルシュスプルング病
139,先天性大脳白質形成不全症,8848586,先天性大脳白質形成不全症
139,先天性大脳白質形成不全症,8848589,先天性白内障を伴う髄鞘形成不全症
139,先天性大脳白質形成不全症,8848594,全結腸型ヒルシュスプルング病
139,先天性大脳白質形成不全症,8848618,直腸下部型ヒルシュスプルング病
139,先天性大脳白質形成不全症,7513001,ヒルシュスプルング病
139,先天性大脳白質形成不全症,8846443,ヒルシュスプルング病類縁疾患
139,先天性大脳白質形成不全症,3300009,ペリツェウス・メルツバッハ病
139,先天性大脳白質形成不全症,8848669,ペリツェウス・メルツバッハ様病１
139,先天性大脳白質形成不全症,7513004,先天性巨大結腸症
140,ドラベ症候群,8849546,ドラベ症候群
141,海馬硬化を伴う内側側頭葉てんかん,8849521,海馬硬化を伴う内側側頭葉てんかん
142,ミオクロニー欠神てんかん,8849552,ミオクロニー欠神てんかん
143,ミオクロニー脱力発作を伴うてんかん,8849553,ミオクロニー脱力発作を伴うてんかん
144,レノックス・ガストー症候群,8841171,レノックス・ガストー症候群
144,レノックス・ガストー症候群,3459011,レノックス症候群
144,レノックス・ガストー症候群,3459018,レンノックス・ガストー症候群
145,ウエスト症候群,3456001,ウエスト症候群
145,ウエスト症候群,3456002,ウエスト症状群
145,ウエスト症候群,3073005,点頭痙縮
145,ウエスト症候群,3073006,点頭痙攣
145,ウエスト症候群,3456005,点頭発作
145,ウエスト症候群,8838430,乳児点頭痙攣
145,ウエスト症候群,8839398,ヒプサルスミア
146,大田原症候群,8849520,大田原症候群
147,早期ミオクロニー脳症,8849542,早期ミオクロニー脳症
148,遊走性焦点発作を伴う乳児てんかん,8849555,遊走性焦点発作を伴う乳児てんかん
149,片側痙攣・片麻痺・てんかん症候群,8840001,片側痙攣片麻痺てんかん症候群
150,環状20番染色体症候群,8849524,環状２０番染色体症候群
151,ラスムッセン脳炎,8849556,ラスムッセン脳炎
152,ＰＣＤＨ19関連症候群,8849519,ＰＣＤＨ１９関連症候群
153,難治頻回部分発作重積型急性脳炎,8849547,難治頻回部分発作重積型急性脳炎
154,徐波睡眠期持続性棘徐波を示すてんかん性脳症,8849538,徐波睡眠期持続性棘徐波てんかん
155,ランドウ・クレフナー症候群,8840927,ランドウ・クレフナー症候群
156,レット症候群,8835572,ジル・ドゥ・ラ・トゥーレット症候群
156,レット症候群,2991004,レット症候群
156,レット症候群,3335010,ジルドラトゥレット症候群
157,スタージ・ウェーバー症候群,7596001,スタージ・ウェバー症候群
157,スタージ・ウェーバー症候群,8835730,スタージ・ウェーバ症候群
158,結節性硬化症,7595005,結節性硬化症
158,結節性硬化症,7595007,ブルヌヴィーユ・プリングル症候群
158,結節性硬化症,7595002,ブルヌヴィーユ・プリングル病
158,結節性硬化症,8839920,プリングル病
159,色素性乾皮症,8834194,色素性乾皮症
160,先天性魚鱗癬,8848432,ＣＨＩＬＤ症候群
160,先天性魚鱗癬,8848438,ＫＩＤ症候群
160,先天性魚鱗癬,8848497,魚鱗癬症候群
160,先天性魚鱗癬,8848505,ケラチン症性魚鱗癬
160,先天性魚鱗癬,8848533,シェーグレン・ラルソン症候群
160,先天性魚鱗癬,8848566,常染色体劣性先天性魚鱗癬
160,先天性魚鱗癬,7571003,先天性魚鱗癬
160,先天性魚鱗癬,7571005,先天性魚鱗癬様紅皮症
160,先天性魚鱗癬,8848639,道化師様魚鱗癬
160,先天性魚鱗癬,8848640,ドルフマン・シャナリン症候群
160,先天性魚鱗癬,8845593,ネザートン症候群
160,先天性魚鱗癬,8848659,表在性表皮融解性魚鱗癬
160,先天性魚鱗癬,8848660,表皮融解性魚鱗癬
160,先天性魚鱗癬,8840790,葉状魚鱗癬
160,先天性魚鱗癬,8836255,水疱型先天性魚鱗癬様紅皮症
160,先天性魚鱗癬,7571010,先天性魚鱗癬症
160,先天性魚鱗癬,7571004,先天性魚鱗癬性紅斑
160,先天性魚鱗癬,8839285,非水疱性先天性魚鱗癬様紅皮症
160,先天性魚鱗癬,7571001,魚鱗癬
160,先天性魚鱗癬,8838244,道化師様胎児
161,家族性良性慢性天疱瘡,7573010,家族性良性慢性天疱瘡
161,家族性良性慢性天疱瘡,7573007,ヘイリー・ヘイリー病
162,類天疱瘡（後天性表皮水疱症を含む。）,8832032,眼性類天疱瘡
162,類天疱瘡（後天性表皮水疱症を含む。）,7098008,後天性表皮水疱症
162,類天疱瘡（後天性表皮水疱症を含む。）,6945004,水疱性類天疱瘡
162,類天疱瘡（後天性表皮水疱症を含む。）,6946007,瘢痕性類天疱瘡
162,類天疱瘡（後天性表皮水疱症を含む。）,8841033,良性粘膜類天疱瘡
162,類天疱瘡（後天性表皮水疱症を含む。）,6945003,類天疱瘡
163,特発性後天性全身性無汗症,8848635,特発性後天性全身性無汗症
164,眼皮膚白皮症,8832047,眼皮膚白皮症
164,眼皮膚白皮症,8846119,グリセリ症候群
164,眼皮膚白皮症,8837461,チェディアック・東症候群
164,眼皮膚白皮症,8839992,ヘルマンスキー・パドラック症候群
164,眼皮膚白皮症,2882001,チェディアック・ヒガシ症候群
165,肥厚性皮膚骨膜症,8848656,肥厚性皮膚骨膜症
166,弾性線維性仮性黄色腫,8848612,弾性線維性仮性黄色腫
166,弾性線維性仮性黄色腫,7573035,弾性線維性偽黄色腫症
166,弾性線維性仮性黄色腫,8837457,弾力線維性仮性黄色腫
167,マルファン症候群,7598010,マルファン症候群
168,エーラス・ダンロス症候群,7568002,エーラス・ダンロス症候群
168,エーラス・ダンロス症候群,8848504,血管型エーラス・ダンロス症候群
168,エーラス・ダンロス症候群,7568015,エーレルス・ダンロー症候群
169,メンケス病,8848674,メンケス病
169,メンケス病,8840564,メンケス症候群
170,オクシピタル・ホーン症候群,8848471,オクシピタル・ホーン症候群
171,ウィルソン病,2751002,ウィルソン病
171,ウィルソン病,8830765,ウイルソン病
172,低ホスファターゼ症,8837885,低ホスファターゼ症
173,VATER症候群,8848445,ＶＡＴＥＲ症候群
173,VATER症候群,8830150,ＶＡＴＥＲ連合症候群
173,VATER症候群,8839588,ファーテル症候群
174,那須・ハコラ病,8838339,那須・ハコラ病
174,那須・ハコラ病,3300015,那須－ハコラ病
175,ウィーバー症候群,8830737,ウィーバー症候群
176,コフィン・ローリー症候群,8848525,コフィン・ローリー症候群
177,ジュベール症候群関連疾患,8848117,有馬症候群
177,ジュベール症候群関連疾患,8848146,ジュベール症候群
177,ジュベール症候群関連疾患,8849767,ジュベール症候群関連疾患
178,モワット・ウィルソン症候群,8848676,モワット・ウイルソン症候群
179,ウィリアムズ症候群,8842554,ウイリアムズ症候群
180,ＡＴＲ－Ｘ症候群,8848429,ＡＴＲ−Ｘ症候群
181,クルーゾン症候群,8844862,クルーゾン症候群
181,クルーゾン症候群,7560001,クルーゾン病
182,アペール症候群,7555001,アペール症候群
183,ファイファー症候群,8845830,ファイファー症候群
184,アントレー・ビクスラー症候群,8848453,アントレー・ビクスラー症候群
185,コフィン・シリス症候群,8848524,コフィン・シリス症候群
186,ロスムンド・トムソン症候群,8841262,ロスムンド・トムソン症候群
187,歌舞伎症候群,8848477,歌舞伎症候群
187,歌舞伎症候群,8844020,歌舞伎メーキャップ症候群
188,多脾症候群,7590001,多脾症候群
189,無脾症候群,7590002,無脾症候群
190,鰓耳腎症候群,8848527,鰓耳腎症候群
191,ウェルナー症候群,2598001,ウェルナー症候群
192,コケイン症候群,8833769,コケイン症候群
192,コケイン症候群,8830768,ウェーバー・コケイン症候群
192,コケイン症候群,8846098,ウェーバー・コケイン型単純性表皮水疱症
193,プラダー・ウィリ症候群,8839918,プラダー・ウィリー症候群
194,ソトス症候群,8836812,ソトス症候群
195,ヌーナン症候群,8838638,ヌーナン症候群
196,ヤング・シンプソン症候群,8848678,ヤング・シンプソン症候群
197,１p36欠失症候群,8848426,１ｐ３６欠失症候群
198,４p欠失症候群,8848427,４ｐ欠失症候群
198,４p欠失症候群,8830048,４番短腕欠失
198,４p欠失症候群,8830778,ウォルフ・ヒルショルン症候群
199,５p欠失症候群,8848428,５ｐ欠失症候群
199,５p欠失症候群,7583002,猫泣き症候群
200,第14番染色体父親性ダイソミー症候群,8848606,第１４番染色体父親性ダイソミー症候群
201,アンジェルマン症候群,8830402,アンジェルマン症候群
202,スミス・マギニス症候群,8848573,スミス・マギニス症候群
203,22q11.2欠失症候群,8846236,２２ｑ１１．２欠失症候群
204,エマヌエル症候群,8848465,エマヌエル症候群
205,脆弱Ｘ症候群関連疾患,8848592,脆弱Ｘ症候群関連疾患
206,脆弱X症候群,8844072,脆弱Ｘ症候群
206,脆弱X症候群,8848592,脆弱Ｘ症候群関連疾患
206,脆弱X症候群,8848593,脆弱Ｘ随伴振戦・失調症候群
206,脆弱X症候群,4580001,起立失調症候群
206,脆弱X症候群,3379005,起立性失調症候群
207,総動脈幹遺残症,8848599,総動脈幹遺残症
207,総動脈幹遺残症,7450001,総動脈幹遺残（症）
208,修正大血管転位症,7451011,修正大血管転位
208,修正大血管転位症,7451012,不完全大血管転位（症）
208,修正大血管転位症,8839635,不完全大血管転位症
209,完全大血管転位症,8831636,完全大血管転位症
209,完全大血管転位症,8848480,完全大血管転位症１型
209,完全大血管転位症,8848481,完全大血管転位症２型
209,完全大血管転位症,8848482,完全大血管転位症３型
209,完全大血管転位症,7451004,完全大血管転位（症）
209,完全大血管転位症,7451012,不完全大血管転位（症）
209,完全大血管転位症,8839635,不完全大血管転位症
209,完全大血管転位症,7451011,修正大血管転位
210,単心室症,8830784,右室型単心室症
210,単心室症,8834011,左室型単心室症
210,単心室症,8837116,単心室症
210,単心室症,7453002,右室型単心室（症）
210,単心室症,7453004,左室型単心室（症）
210,単心室症,7453001,単心室（症）
211,左心低形成症候群,8834015,左心低形成症候群
211,左心低形成症候群,7469021,左室低形成症候群
212,三尖弁閉鎖症,8834112,三尖弁閉鎖症
212,三尖弁閉鎖症,3970006,三尖弁閉鎖（症）
213,心室中隔欠損を伴わない肺動脈閉鎖症,8848554,心室中隔欠損を伴わない肺動脈閉鎖症
214,心室中隔欠損を伴う肺動脈閉鎖症,8848553,心室中隔欠損を伴う肺動脈閉鎖症
215,ファロー四徴症,8839593,ファロー四徴症
215,ファロー四徴症,7452003,ファロー四徴（症）
216,両大血管右室起始症,7451001,両大血管右室起始症
217,エプスタイン病,8848464,エプスタイン病
217,エプスタイン病,7464004,Ｅｂｓｔｅｉｎ奇形
217,エプスタイン病,7462001,エブスタイン奇形
218,アルポート症候群,8830377,アルポート症候群
219,ギャロウェイ・モワト症候群,8848496,ギャロウエイ・モワト症候群
220,急速進行性糸球体腎炎,8832470,急速進行性糸球体腎炎
220,急速進行性糸球体腎炎,8848133,抗ＧＢＭ抗体型急速進行性糸球体腎炎
220,急速進行性糸球体腎炎,5809012,亜急性腎炎
220,急速進行性糸球体腎炎,8848508,抗糸球体基底膜腎炎
221,抗糸球体基底膜腎炎,8848508,抗糸球体基底膜腎炎
221,抗糸球体基底膜腎炎,8848133,抗ＧＢＭ抗体型急速進行性糸球体腎炎
222,一次性ネフローゼ症候群,8849711,一次性ネフローゼ症候群
222,一次性ネフローゼ症候群,8849712,一次性膜性増殖性糸球体腎炎
222,一次性ネフローゼ症候群,8850032,巣状分節性糸球体硬化症
222,一次性ネフローゼ症候群,8850255,巣状分節性糸球体硬化症ネフローゼ症候群
222,一次性ネフローゼ症候群,8839471,微小変化型ネフローゼ症候群
222,一次性ネフローゼ症候群,5831004,膜性腎症
222,一次性ネフローゼ症候群,8840229,膜性増殖性糸球体腎炎
222,一次性ネフローゼ症候群,8840230,膜性増殖性糸球体腎炎１型
222,一次性ネフローゼ症候群,8840231,膜性増殖性糸球体腎炎２型
222,一次性ネフローゼ症候群,8840232,膜性増殖性糸球体腎炎３型
222,一次性ネフローゼ症候群,4039038,巣状糸球体硬化症
222,一次性ネフローゼ症候群,5819022,微少変化型ネフローゼ症候群
222,一次性ネフローゼ症候群,5819021,微少変化（群）ネフローゼ
222,一次性ネフローゼ症候群,8840228,膜性糸球体腎炎
222,一次性ネフローゼ症候群,5831005,膜性腎炎
222,一次性ネフローゼ症候群,5832003,膜性増殖性腎炎
222,一次性ネフローゼ症候群,5813001,リポイドネフローゼ
223,一次性膜性増殖性糸球体腎炎,8849712,一次性膜性増殖性糸球体腎炎
224,紫斑病性腎炎,2878002,血管性紫斑病性腎炎
224,紫斑病性腎炎,2870027,紫斑病性腎炎
224,紫斑病性腎炎,2878004,紫斑病腎炎
225,先天性腎性尿崩症,8848582,先天性腎性尿崩症
226,間質性膀胱炎（ハンナ型）,8848479,間質性膀胱炎（ハンナ型）
227,オスラー病,8848472,オスラー病
227,オスラー病,4480004,遺伝性出血性末梢血管拡張症
227,オスラー病,4480002,オスラー・ランジュー病
228,閉塞性細気管支炎,4912004,閉塞性細気管支炎
229,肺胞蛋白症（自己免疫性又は先天性）,8848456,遺伝性肺胞蛋白症
229,肺胞蛋白症（自己免疫性又は先天性）,8848559,自己免疫性肺胞蛋白症
229,肺胞蛋白症（自己免疫性又は先天性）,8848588,先天性肺胞蛋白症
229,肺胞蛋白症（自己免疫性又は先天性）,8848637,特発性肺胞蛋白症
229,肺胞蛋白症（自己免疫性又は先天性）,5160001,肺胞蛋白症
230,肺胞低換気症候群,8833313,原発性肺胞低換気症候群
230,肺胞低換気症候群,7942008,肺胞低換気症候群
231,α1－アンチトリプシン欠乏症,8848451,α１−アンチトリプシン欠乏症
231,α1－アンチトリプシン欠乏症,8830366,アルファ１抗トリプシン欠損症
232,カーニー複合,8848473,カーニー複合
233,ウォルフラム症候群,8844011,ウォルフラム症候群
234,ペルオキシソーム病（副腎白質ジストロフィーを除く。）,8841448,原発性高シュウ酸尿症
234,ペルオキシソーム病（副腎白質ジストロフィーを除く。）,8848556,新生児型副腎白質ジストロフィー
234,ペルオキシソーム病（副腎白質ジストロフィーを除く。）,8837838,ツェルベーガー症候群
234,ペルオキシソーム病（副腎白質ジストロフィーを除く。）,8848645,乳児レフサム病
234,ペルオキシソーム病（副腎白質ジストロフィーを除く。）,8848670,ペルオキシソーム形成異常症
234,ペルオキシソーム病（副腎白質ジストロフィーを除く。）,8848671,ペルオキシソーム病
234,ペルオキシソーム病（副腎白質ジストロフィーを除く。）,8841173,レフサム病
235,副甲状腺機能低下症,8844356,一過性新生児副甲状腺機能低下症
235,副甲状腺機能低下症,8844379,家族性単発性副甲状腺機能低下症
235,副甲状腺機能低下症,2754025,偽性偽性副甲状腺機能低下症
235,副甲状腺機能低下症,2754022,偽性副甲状腺機能低下症
235,副甲状腺機能低下症,2754023,偽性副甲状腺機能低下症１型
235,副甲状腺機能低下症,2754024,偽性副甲状腺機能低下症２型
235,副甲状腺機能低下症,7754007,新生児性副甲状腺機能低下症
235,副甲状腺機能低下症,2521010,術後副甲状腺機能低下症
235,副甲状腺機能低下症,2521002,続発性副甲状腺機能低下症
235,副甲状腺機能低下症,2521003,特発性副甲状腺機能低下症
235,副甲状腺機能低下症,8844593,副甲状腺機能低下症
235,副甲状腺機能低下症,2521013,二次性副甲状腺機能低下症
235,副甲状腺機能低下症,8830527,一過性新生児上皮小体機能低下症
235,副甲状腺機能低下症,8831281,家族性単発性上皮小体機能低下症
235,副甲状腺機能低下症,2754026,偽性上皮小体機能低下症
235,副甲状腺機能低下症,8832754,偽性上皮小体機能低下症１型
235,副甲状腺機能低下症,8832755,偽性上皮小体機能低下症２型
235,副甲状腺機能低下症,8835042,新生児性上皮小体機能低下症
235,副甲状腺機能低下症,8835342,術後上皮小体機能低下症
235,副甲状腺機能低下症,2521001,上皮小体機能低下症
235,副甲状腺機能低下症,8836833,続発性上皮小体機能低下症
235,副甲状腺機能低下症,8838189,特発性上皮小体機能低下症
235,副甲状腺機能低下症,2521005,副甲状腺機能低下（症）
236,偽性副甲状腺機能低下症,2754025,偽性偽性副甲状腺機能低下症
236,偽性副甲状腺機能低下症,2754022,偽性副甲状腺機能低下症
236,偽性副甲状腺機能低下症,2754023,偽性副甲状腺機能低下症１型
236,偽性副甲状腺機能低下症,2754024,偽性副甲状腺機能低下症２型
236,偽性副甲状腺機能低下症,2754026,偽性上皮小体機能低下症
236,偽性副甲状腺機能低下症,8832754,偽性上皮小体機能低下症１型
236,偽性副甲状腺機能低下症,8832755,偽性上皮小体機能低下症２型
237,副腎皮質刺激ホルモン不応症,8848663,副腎皮質刺激ホルモン不応症
237,副腎皮質刺激ホルモン不応症,8848180,ＡＣＴＨ不応症
238,ビタミンＤ抵抗性くる病/骨軟化症,8850116,ＦＧＦ２３関連低リン血症性くる病
238,ビタミンＤ抵抗性くる病/骨軟化症,8850117,ＦＧＦ２３関連低リン血症性骨軟化症
238,ビタミンＤ抵抗性くる病/骨軟化症,8850120,Ｘ染色体連鎖性低リン血症性くる病
238,ビタミンＤ抵抗性くる病/骨軟化症,8847927,肝性くる病
238,ビタミンＤ抵抗性くる病/骨軟化症,2689001,くる病
238,ビタミンＤ抵抗性くる病/骨軟化症,8832843,くる病後遺症
238,ビタミンＤ抵抗性くる病/骨軟化症,8833309,原発性低リン血症性くる病
238,ビタミンＤ抵抗性くる病/骨軟化症,8848045,抗てんかん薬骨軟化症
238,ビタミンＤ抵抗性くる病/骨軟化症,2682002,骨軟化症
238,ビタミンＤ抵抗性くる病/骨軟化症,8834092,産褥性骨軟化症
238,ビタミンＤ抵抗性くる病/骨軟化症,8834423,膝蓋骨二次中枢若年性骨軟化症
238,ビタミンＤ抵抗性くる病/骨軟化症,7177003,膝蓋軟骨軟化症
238,ビタミンＤ抵抗性くる病/骨軟化症,2682012,腫瘍性低リン血症性骨軟化症
238,ビタミンＤ抵抗性くる病/骨軟化症,8835332,術後吸収不良性骨軟化症
238,ビタミンＤ抵抗性くる病/骨軟化症,2682003,人工透析性骨軟化症
238,ビタミンＤ抵抗性くる病/骨軟化症,8835613,腎性くる病
238,ビタミンＤ抵抗性くる病/骨軟化症,8847972,腎性骨軟化症
238,ビタミンＤ抵抗性くる病/骨軟化症,2682004,脊椎骨軟化症
238,ビタミンＤ抵抗性くる病/骨軟化症,8838359,軟骨軟化症
238,ビタミンＤ抵抗性くる病/骨軟化症,8845185,ビタミンＤ依存性くる病
238,ビタミンＤ抵抗性くる病/骨軟化症,8845186,ビタミンＤ欠乏性くる病
238,ビタミンＤ抵抗性くる病/骨軟化症,8848002,ビタミンＤ欠乏性骨軟化症
238,ビタミンＤ抵抗性くる病/骨軟化症,8839503,ビタミンＤ抵抗性くる病
238,ビタミンＤ抵抗性くる病/骨軟化症,8845189,未熟児くる病
238,ビタミンＤ抵抗性くる病/骨軟化症,8848104,薬剤性骨軟化症
238,ビタミンＤ抵抗性くる病/骨軟化症,2682009,老人性骨軟化症
238,ビタミンＤ抵抗性くる病/骨軟化症,8830814,栄養失調性成人骨軟化症
238,ビタミンＤ抵抗性くる病/骨軟化症,2682010,偽性骨軟化症
238,ビタミンＤ抵抗性くる病/骨軟化症,8835884,成人月状骨軟化症
238,ビタミンＤ抵抗性くる病/骨軟化症,8835885,成人骨軟化症
238,ビタミンＤ抵抗性くる病/骨軟化症,2682011,低リン血症性ビタミンＤ抵抗性骨軟化症
238,ビタミンＤ抵抗性くる病/骨軟化症,2680001,ビタミンＤ欠損性くる病
238,ビタミンＤ抵抗性くる病/骨軟化症,7327010,離断性骨軟化症
238,ビタミンＤ抵抗性くる病/骨軟化症,7323001,キーンベック病
238,ビタミンＤ抵抗性くる病/骨軟化症,7327011,離断性骨軟骨炎
239,ビタミンＤ依存性くる病/骨軟化症,8850117,ＦＧＦ２３関連低リン血症性骨軟化症
239,ビタミンＤ依存性くる病/骨軟化症,8848045,抗てんかん薬骨軟化症
239,ビタミンＤ依存性くる病/骨軟化症,2682002,骨軟化症
239,ビタミンＤ依存性くる病/骨軟化症,8834092,産褥性骨軟化症
239,ビタミンＤ依存性くる病/骨軟化症,8834423,膝蓋骨二次中枢若年性骨軟化症
239,ビタミンＤ依存性くる病/骨軟化症,7177003,膝蓋軟骨軟化症
239,ビタミンＤ依存性くる病/骨軟化症,2682012,腫瘍性低リン血症性骨軟化症
239,ビタミンＤ依存性くる病/骨軟化症,8835332,術後吸収不良性骨軟化症
239,ビタミンＤ依存性くる病/骨軟化症,2682003,人工透析性骨軟化症
239,ビタミンＤ依存性くる病/骨軟化症,8847972,腎性骨軟化症
239,ビタミンＤ依存性くる病/骨軟化症,2682004,脊椎骨軟化症
239,ビタミンＤ依存性くる病/骨軟化症,8838359,軟骨軟化症
239,ビタミンＤ依存性くる病/骨軟化症,8845185,ビタミンＤ依存性くる病
239,ビタミンＤ依存性くる病/骨軟化症,8848002,ビタミンＤ欠乏性骨軟化症
239,ビタミンＤ依存性くる病/骨軟化症,8848104,薬剤性骨軟化症
239,ビタミンＤ依存性くる病/骨軟化症,2682009,老人性骨軟化症
239,ビタミンＤ依存性くる病/骨軟化症,8830814,栄養失調性成人骨軟化症
239,ビタミンＤ依存性くる病/骨軟化症,2682010,偽性骨軟化症
239,ビタミンＤ依存性くる病/骨軟化症,8835884,成人月状骨軟化症
239,ビタミンＤ依存性くる病/骨軟化症,8835885,成人骨軟化症
239,ビタミンＤ依存性くる病/骨軟化症,2682011,低リン血症性ビタミンＤ抵抗性骨軟化症
239,ビタミンＤ依存性くる病/骨軟化症,7327010,離断性骨軟化症
239,ビタミンＤ依存性くる病/骨軟化症,7323001,キーンベック病
239,ビタミンＤ依存性くる病/骨軟化症,8833309,原発性低リン血症性くる病
239,ビタミンＤ依存性くる病/骨軟化症,7327011,離断性骨軟骨炎
240,フェニルケトン尿症,8833852,古典的フェニルケトン尿症
240,フェニルケトン尿症,8839619,フェニルケトン尿症
240,フェニルケトン尿症,8847254,母性フェニルケトン尿症
240,フェニルケトン尿症,2701001,フェニールケトン尿症
241,高チロシン血症1型,8848509,高チロシン血症１型
241,高チロシン血症1型,8847230,チロシン血症１型
242,高チロシン血症2型,8848510,高チロシン血症２型
242,高チロシン血症2型,8847231,チロシン血症２型
243,高チロシン血症3型,8848511,高チロシン血症３型
243,高チロシン血症3型,8847232,チロシン血症３型
244,メープルシロップ尿症,2703002,メープルシロップ尿症
244,メープルシロップ尿症,2703006,楓糖尿病
245,プロピオン酸血症,8839924,プロピオン酸血症
246,メチルマロン酸血症,8847252,ビタミンＢ１２反応型メチルマロン酸血症
246,メチルマロン酸血症,8840544,メチルマロン酸血症
247,イソ吉草酸血症,8830486,イソ吉草酸血症
248,グルコーストランスポーター1欠損症,8848499,グルコーストランスポーター１欠損症
249,グルタル酸血症1型,8847169,グルタル酸血症１型
250,グルタル酸血症2型,8847170,グルタル酸血症２型
251,尿素サイクル異常症,8848440,Ｎ−アセチルグルタミン酸合成酵素欠損症
251,尿素サイクル異常症,8830329,アルギニノコハク酸尿症
251,尿素サイクル異常症,8844938,オルニチントランスカルバミラーゼ欠損症
251,尿素サイクル異常症,8844943,カルバミルリン酸合成酵素欠損症
251,尿素サイクル異常症,8833331,高アルギニン血症
251,尿素サイクル異常症,8844977,シトルリン血症
251,尿素サイクル異常症,8848540,シトルリン血症１型
251,尿素サイクル異常症,8848574,成人発症ＩＩ型シトルリン血症
251,尿素サイクル異常症,8848648,尿素サイクル異常症
251,尿素サイクル異常症,2706008,高シトルリン血症
251,尿素サイクル異常症,8844998,先天性尿素サイクル異常症
251,尿素サイクル異常症,8844931,アルギニノコハク酸分解酵素欠損症
252,リジン尿性蛋白不耐症,8845042,リジン尿性蛋白不耐症
253,先天性葉酸吸収不全,8836383,先天性葉酸吸収不全
254,ポルフィリン症,8830426,異型性ポルフィリン症
254,ポルフィリン症,8830573,遺伝性コプロポルフィリン症
254,ポルフィリン症,8830577,遺伝性赤芽球増殖性ポルフィリン症
254,ポルフィリン症,2771007,肝性ポルフィリン症
254,ポルフィリン症,8832312,急性間欠性ポルフィリン症
254,ポルフィリン症,8832451,急性ポルフィリン症
254,ポルフィリン症,8835970,赤芽球増殖性プロトポルフィリン症
254,ポルフィリン症,8836372,先天性ポルフィリン症
254,ポルフィリン症,8839150,晩発性皮膚ポルフィリン症
254,ポルフィリン症,8839923,プロトポルフィリン症
254,ポルフィリン症,2771002,ポルフィリン症
254,ポルフィリン症,2771016,ヘマトポルフィリン症
254,ポルフィリン症,2771001,プロトポルフィリア
254,ポルフィリン症,2771004,ポルフィリン代謝障害
255,複合カルボキシラーゼ欠損症,8848662,複合カルボキシラーゼ欠損症
255,複合カルボキシラーゼ欠損症,8846055,ホロカルボキシラーゼ合成酵素欠損症
255,複合カルボキシラーゼ欠損症,8839449,ビオチン依存性カルボキシラーゼ欠乏症
255,複合カルボキシラーゼ欠損症,8847255,マルチプルカルボキシラーゼ欠損症
256,筋型糖原病,8848494,筋型糖原病
256,筋型糖原病,8841423,グリコーゲン蓄積疾患性ミオパチー
257,肝型糖原病,8848478,肝型糖原病
257,肝型糖原病,8832872,グリコーゲン性びまん性肝肥大症
258,ガラクトース－１－リン酸ウリジルトランスフェラーゼ欠損症,2711001,ガラクトース血症
259,レシチンコレステロールアシルトランスフェラーゼ欠損症,8849518,ＬＣＡＴ欠損症
259,レシチンコレステロールアシルトランスフェラーゼ欠損症,8831264,家族性ＬＣＡＴ欠損症
260,シトステロール血症,8849534,シトステロール血症
261,タンジール病,8830371,アルファリポ蛋白欠乏症
262,原発性高カイロミクロン血症,8849528,原発性高カイロミクロン血症
263,脳腱黄色腫症,8838707,脳腱黄色腫症
264,無βリポタンパク血症,8847151,ＭＴＰ欠損症
264,無βリポタンパク血症,8849309,三頭酵素欠損症
265,脂肪萎縮症,8848475,家族性部分性脂肪萎縮症
265,脂肪萎縮症,8848512,後天性全身性脂肪萎縮症
265,脂肪萎縮症,8848513,後天性部分性脂肪萎縮症
265,脂肪萎縮症,8848541,脂肪萎縮症
265,脂肪萎縮症,8848546,小児腹壁遠心性脂肪萎縮症
265,脂肪萎縮症,8848581,先天性脂肪萎縮症
265,脂肪萎縮症,8848583,先天性全身性脂肪萎縮症
265,脂肪萎縮症,8848595,全身性脂肪萎縮症
265,脂肪萎縮症,8848666,部分的脂肪萎縮症
265,脂肪萎縮症,8833277,限局性脂肪異栄養症
265,脂肪萎縮症,2726002,脂肪異栄養症
265,脂肪萎縮症,8834776,小児遠心性腹壁脂肪異栄養症
265,脂肪萎縮症,8834973,進行性脂肪異栄養症
265,脂肪萎縮症,8836227,先天性脂肪異栄養症
265,脂肪萎縮症,2726007,全身性脂肪異栄養
265,脂肪萎縮症,8836523,全身性脂肪異栄養症
266,家族性地中海熱,8831283,家族性地中海熱
267,高ＩｇＤ症候群,8848134,高ＩｇＤ症候群
268,中條・西村症候群,8848643,中條・西村症候群
269,化膿性無菌性関節炎・壊疽性膿皮症・アクネ症候群,8848441,ＰＡＰＡ症候群
269,化膿性無菌性関節炎・壊疽性膿皮症・アクネ症候群,8830880,壊疽性膿皮症
270,慢性再発性多発性骨髄炎,8848673,慢性再発性多発性骨髄炎
271,強直性脊椎炎,7200001,強直性脊椎炎
271,強直性脊椎炎,8832542,強直性脊椎炎性呼吸器障害
271,強直性脊椎炎,8835248,若年性強直性脊椎炎
271,強直性脊椎炎,7200007,慢性強直性脊椎炎
271,強直性脊椎炎,7200002,強直性脊椎関節炎
272,進行性骨化性線維異形成症,8834971,進行性骨化性線維異形成症
273,肋骨異常を伴う先天性側弯症,8848685,肋骨異常を伴う先天性側弯症
274,骨形成不全症,8833798,骨形成不全症
274,骨形成不全症,8848048,骨形成不全症１型
274,骨形成不全症,8848049,骨形成不全症２型
274,骨形成不全症,8848050,骨形成不全症３型
274,骨形成不全症,7560064,頭蓋顔面骨形成不全症
274,骨形成不全症,8838356,軟骨形成不全症
274,骨形成不全症,8836214,先天性骨形成不全症
274,骨形成不全症,8837539,遅発型骨形成不全症
274,骨形成不全症,7565022,骨形成不全（症）
274,骨形成不全症,7564011,軟骨形成不全（症）
275,タナトフォリック骨異形成症,8847883,タナトフォリック骨異形成症
275,タナトフォリック骨異形成症,8842969,致死性四肢短縮型低身長症
275,タナトフォリック骨異形成症,8837474,致死性小人症
276,軟骨無形成症,8849600,偽性軟骨無形成症
276,軟骨無形成症,8847892,軟骨無形成症
276,軟骨無形成症,7564006,胎児性軟骨異栄養症
276,軟骨無形成症,7564007,胎生軟骨異栄養症
277,リンパ管腫症/ゴーハム病,8848683,リンパ管腫症
278,巨大リンパ管奇形（頚部顔面病変）,8848493,巨大リンパ管奇形（頚部顔面病変）
279,巨大静脈奇形（頚部口腔咽頭びまん性病変）,8848490,巨大静脈奇形（頚部口腔咽頭びまん性病変）
280,巨大動静脈奇形（頚部顔面又は四肢病変）,8848491,巨大動静脈奇形（頚部顔面病変）
280,巨大動静脈奇形（頚部顔面又は四肢病変）,8848492,巨大動静脈奇形（四肢病変）
281,クリッペル・トレノネー・ウェーバー症候群,8832833,クリッペル・トレノネー・ウェーバー症候群
281,クリッペル・トレノネー・ウェーバー症候群,8841321,クリッペル・ウェーバー症候群
282,先天性赤血球形成異常性貧血,8836270,先天性赤血球形成異常性貧血
283,後天性赤芽球癆,8830520,一過性後天性赤芽球ろう
283,後天性赤芽球癆,8833581,後天性赤芽球ろう
283,後天性赤芽球癆,8840342,慢性後天性赤芽球ろう
284,ダイアモンド・ブラックファン貧血,8848607,ダイアモンド・ブラックファン貧血
284,ダイアモンド・ブラックファン貧血,8836261,先天性赤芽球ろう
285,ファンコニ貧血,2840001,ファンコニ貧血
285,ファンコニ貧血,8839594,ファンコーニ貧血
286,遺伝性鉄芽球性貧血,8830580,遺伝性鉄芽球性貧血
287,エプスタイン症候群,8848463,エプスタイン症候群
288,自己免疫性後天性凝固因子欠乏症,8845658,後天性血友病Ａ
288,自己免疫性後天性凝固因子欠乏症,8849353,自己免疫性後天性凝固因子欠乏症
288,自己免疫性後天性凝固因子欠乏症,8849354,自己免疫性後天性フォンウィルブランド病
289,クロンカイト・カナダ症候群,8843694,クロンカイト・カナダ症候群
290,非特異性多発性小腸潰瘍症,5349014,非特異性多発性小腸潰瘍症
291,ヒルシュスプルング病（全結腸型又は小腸型）,8848444,Ｓ状結腸型ヒルシュスプルング病
291,ヒルシュスプルング病（全結腸型又は小腸型）,8848532,左右結腸型ヒルシュスプルング病
291,ヒルシュスプルング病（全結腸型又は小腸型）,8848545,小腸型ヒルシュスプルング病
291,ヒルシュスプルング病（全結腸型又は小腸型）,8848594,全結腸型ヒルシュスプルング病
291,ヒルシュスプルング病（全結腸型又は小腸型）,8848618,直腸下部型ヒルシュスプルング病
291,ヒルシュスプルング病（全結腸型又は小腸型）,7513001,ヒルシュスプルング病
291,ヒルシュスプルング病（全結腸型又は小腸型）,8846443,ヒルシュスプルング病類縁疾患
291,ヒルシュスプルング病（全結腸型又は小腸型）,7513004,先天性巨大結腸症
292,総排泄腔外反症,8845173,総排泄腔外反症
293,総排泄腔遺残,8836688,総排泄腔遺残
294,先天性横隔膜ヘルニア,8836145,先天性横隔膜ヘルニア
295,乳幼児肝巨大血管腫,8849819,乳幼児肝巨大血管腫
296,胆道閉鎖症,5762011,肝外胆道閉鎖症
296,胆道閉鎖症,5762012,胆道閉鎖症
296,胆道閉鎖症,8848384,胆道閉鎖症術後
296,胆道閉鎖症,8836286,先天性胆道閉鎖症
296,胆道閉鎖症,7516014,先天性胆道閉鎖（症）
296,胆道閉鎖症,5762014,胆道閉鎖
297,アラジール症候群,8830321,アラジール症候群
298,遺伝性膵炎,8848455,遺伝性膵炎
299,嚢胞性線維症,2770002,膵嚢胞性線維症
299,嚢胞性線維症,2770001,嚢胞性線維症
299,嚢胞性線維症,8838762,のう胞性線維症
300,ＩｇＧ４関連疾患,8848310,１型自己免疫性膵炎
300,ＩｇＧ４関連疾患,8848312,２型自己免疫性膵炎
300,ＩｇＧ４関連疾患,8848112,ＩｇＧ４関連硬化性胆管炎
300,ＩｇＧ４関連疾患,8848113,ＩｇＧ４関連疾患
300,ＩｇＧ４関連疾患,8848114,ＩｇＧ４関連腎臓病
300,ＩｇＧ４関連疾患,8848115,ＩｇＧ４関連ミクリッツ病
300,ＩｇＧ４関連疾患,8842274,自己免疫性膵炎
301,黄斑ジストロフィー,8830978,黄斑ジストロフィー
301,黄斑ジストロフィー,8835265,若年網膜分離症
301,黄斑ジストロフィー,8835687,錐体杆体ジストロフィー
301,黄斑ジストロフィー,8841636,錐体ジストロフィー
301,黄斑ジストロフィー,8840886,卵黄状黄斑ジストロフィー
301,黄斑ジストロフィー,3627019,黄斑ジストロフィー症
301,黄斑ジストロフィー,3627015,黄斑部ジストロフィー
302,レーベル遺伝性視神経症,8848684,レーベル遺伝性視神経症
302,レーベル遺伝性視神経症,8830574,遺伝性視神経萎縮
302,レーベル遺伝性視神経症,8846069,レーバー遺伝性視神経萎縮症
303,アッシャー症候群,8844121,アッシャー症候群
303,アッシャー症候群,6944013,シネア・アッシャー症候群
303,アッシャー症候群,6944002,紅斑性天疱瘡
304,若年発症型両側性感音難聴,8849766,若年発症型両側性感音難聴
305,遅発性内リンパ水腫,8848614,遅発性内リンパ水腫
306,好酸球性副鼻腔炎,8845156,好酸球性副鼻腔炎
307,カナバン病,8849258,カナバン病
308,進行性白質脳症,8849351,進行性白質脳症
308,進行性白質脳症,8849431,白質消失病
308,進行性白質脳症,8849440,皮質下のう胞をもつ大頭型白質脳症
308,進行性白質脳症,8849489,卵巣機能障害を伴う進行性白質脳症
309,進行性ミオクローヌスてんかん,8834977,進行性ミオクローヌスてんかん
309,進行性ミオクローヌスてんかん,8849488,ラフォラ病
309,進行性ミオクローヌスてんかん,8849492,良性成人型家族性ミオクローヌスてんかん
309,進行性ミオクローヌスてんかん,8840882,ラフォラ疾患
310,先天異常症候群,8849233,１ｑ部分重複症候群
310,先天異常症候群,8849234,９ｑ３４欠失症候群
310,先天異常症候群,8835758,スミス・レムリ・オピッツ症候群
310,先天異常症候群,8849374,先天異常症候群
311,先天性三尖弁狭窄症,8836222,先天性三尖弁狭窄症
312,先天性僧帽弁狭窄症,8836278,先天性僧帽弁狭窄症
312,先天性僧帽弁狭窄症,7465001,先天性僧帽弁狭窄（症）
313,先天性肺静脈狭窄症,8849377,先天性肺静脈狭窄症
314,左肺動脈右肺動脈起始症,8849444,左肺動脈右肺動脈起始症
315,ネイルパテラ症候群（爪膝蓋骨症候群）／ＬＭＸ１Ｂ関連腎症,8849701,ＬＭＸ１Ｂ関連腎症
316,カルニチン回路異常症,8849259,カルニチン回路異常症
317,三頭酵素欠損症,8849309,三頭酵素欠損症
317,三頭酵素欠損症,8847151,ＭＴＰ欠損症
318,シトリン欠損症,8848539,シトリン欠損症
318,シトリン欠損症,8848815,シトリン欠損による新生児肝内胆汁うっ滞症
318,シトリン欠損症,8848555,新生児肝内胆汁うっ滞症
318,シトリン欠損症,8848574,成人発症ＩＩ型シトルリン血症
319,セピアプテリン還元酵素（ＳＲ）欠損症,8849371,セピアプテリン還元酵素欠損症
320,先天性グリコシルホスファチジルイノシトール（GPI）欠損症,8849375,先天性ＧＰＩ欠損症
321,非ケトーシス型高グリシン血症,8847199,新生児型非ケトン性高グリシン血症
321,非ケトーシス型高グリシン血症,8839213,非ケトン性高グリシン血症
322,β―ケトチオラーゼ欠損症,8849462,β−ケトチオラーゼ欠損症
323,芳香族L－アミノ酸脱炭酸酵素欠損症,8849463,芳香族Ｌ−アミノ酸脱炭酸酵素欠損症
324,メチルグルタコン酸尿症,8847143,３−メチルグルタコン酸尿症
325,遺伝性自己炎症疾患,8849235,ＡＤＡ２欠損症
325,遺伝性自己炎症疾患,8849237,ＮＬＲＣ４異常症
325,遺伝性自己炎症疾患,8849246,遺伝性自己炎症疾患
325,遺伝性自己炎症疾患,8849250,エカルディ・グティエール症候群
326,大理石骨病,8837412,大理石骨病
327,特発性血栓症（遺伝性血栓性素因によるものに限る。）,8849245,遺伝性血栓性素因による特発性血栓症
328,前眼部形成異常,8849378,前眼部形成異常
329,無虹彩症,8840473,無虹彩症
330,先天性気管狭窄症／先天性声門下狭窄症,8836173,先天性気管狭窄症
330,先天性気管狭窄症／先天性声門下狭窄症,8836260,先天性声門下狭窄症
330,先天性気管狭窄症／先天性声門下狭窄症,7483020,先天性気管狭窄
331,特発性多中心性キャッスルマン病,8849813,特発性多中心性キャッスルマン病
332,膠様滴状角膜ジストロフィー,8838374,膠様滴状角膜ジストロフィー
333,ハッチンソン・ギルフォード症候群,8836702,早老症
334,脳クレアチン欠乏症候群,8849821,脳クレアチン欠乏症候群
335,ネフロン癆,8842338,家族性若年性ネフロンろう
335,ネフロン癆,8849757,思春期ネフロンろう
335,ネフロン癆,8849764,若年性ネフロンろう
335,ネフロン癆,8849817,乳児ネフロンろう
335,ネフロン癆,8849820,ネフロンろう
337,ホモシスチン尿症,2704002,ホモシスチン尿症
337,ホモシスチン尿症,8833685,高ホモシスチン血症
338,進行性家族性肝内胆汁うっ滞症,8848352,進行性家族性肝内胆汁うっ滞症
338,進行性家族性肝内胆汁うっ滞症,8848353,進行性家族性肝内胆汁うっ滞症１型
338,進行性家族性肝内胆汁うっ滞症,8848354,進行性家族性肝内胆汁うっ滞症２型
338,進行性家族性肝内胆汁うっ滞症,8848355,進行性家族性肝内胆汁うっ滞症３型
338,進行性家族性肝内胆汁うっ滞症,8842836,バイラー病
